id,image_path,split,cultivation_system,governorate,zone_id,area_ha,vertex_count,bbox_width_deg,bbox_height_deg,bbox_aspect_ratio,perimeter_deg,polygon_area_deg2,compactness_deg,ndvi_mean,ndvi_min,ndvi_max,ndvi_std,ndvi_p10,ndvi_p50,ndvi_p90,ndwi_mean,ndwi_min,ndwi_max,ndwi_std,ndwi_p10,ndwi_p50,ndwi_p90,ndre_proxy_mean,ndre_proxy_min,ndre_proxy_max,ndre_proxy_std,ndre_proxy_p10,ndre_proxy_p50,ndre_proxy_p90,fapar_proxy_mean,fapar_proxy_min,fapar_proxy_max,fapar_proxy_std,fapar_proxy_p10,fapar_proxy_p50,fapar_proxy_p90,lai_proxy_mean,lai_proxy_min,lai_proxy_max,lai_proxy_std,lai_proxy_p10,lai_proxy_p50,lai_proxy_p90,b08_glcm_contrast,b08_glcm_dissimilarity,b08_glcm_homogeneity,b08_glcm_energy,b08_glcm_correlation,b08_glcm_ASM,b11_glcm_contrast,b11_glcm_dissimilarity,b11_glcm_homogeneity,b11_glcm_energy,b11_glcm_correlation,b11_glcm_ASM,ndvi_glcm_contrast,ndvi_glcm_dissimilarity,ndvi_glcm_homogeneity,ndvi_glcm_energy,ndvi_glcm_correlation,ndvi_glcm_ASM,ndwi_glcm_contrast,ndwi_glcm_dissimilarity,ndwi_glcm_homogeneity,ndwi_glcm_energy,ndwi_glcm_correlation,ndwi_glcm_ASM,ndvi_range,ndvi_p90_p10_amplitude,seasonal_ndvi_amplitude,seasonal_amplitude_available,valid_pixel_count,valid_pixel_ratio
parcel_1777666069829_t5ehp,sentinel2_l2a\2025_05_06\test\extensif__parcel_1777666069829_t5ehp.tif,test,extensif,Sfax,Sfax__lat175_lng51,2988.389915036504,11,0.09570121765136896,0.06484371075658402,1.475875093123843,0.2469769071026746,0.0029512446339765575,0.6079983198984537,0.1296721249818802,-0.026615969836711884,0.520643413066864,0.019387785345315933,0.10808076411485672,0.12687969207763672,0.15501222014427185,-0.3403782248497009,-0.5613536834716797,-0.021276595070958138,0.02300330065190792,-0.3681055009365082,-0.3413654565811157,-0.3123552083969116,0.1296721249818802,-0.026615969836711884,0.520643413066864,0.019387785345315933,0.10808076411485672,0.12687969207763672,0.15501222014427185,0.00013071273860987276,0.0,0.5344057083129883,0.004408081062138081,0.0,0.0,0.0,0.3511558175086975,0.0,1.7656878232955933,0.07013252377510071,0.2730362117290497,0.3410507142543793,0.4428342282772064,1.7432206051435095,0.6148919889004224,0.7760560686203903,0.5324283790631027,0.9668573757032761,0.2834824188984789,0.826307575761313,0.30511312524225653,0.8831809412293214,0.5385001301186707,0.9847269988422123,0.2899900363192922,7.780458780757786,1.5190277672758405,0.6491907371474684,0.5262388756097393,0.7086318160853653,0.276932276029828,4.516527796473769,1.128333210979299,0.6838543085203784,0.5247959849018102,0.8620799999403187,0.2754114665847568,0.5472593829035759,0.04693145602941513,nan,False,298677,0.4774057942057942
parcel_1777666572107_7pdad,sentinel2_l2a\2025_05_06\test\extensif__parcel_1777666572107_7pdad.tif,test,extensif,Kairouan,Kairouan__lat175_lng50,1443.2951926499438,8,0.06849288940429688,0.027125350938540294,2.5250508116737644,0.15872358664099104,0.0014257362452951838,0.7111580285355432,0.12686608731746674,0.0018645121017470956,0.39850327372550964,0.020234346389770508,0.10354961305856705,0.12403100728988647,0.15422930717468264,-0.34300199151039124,-0.5424296855926514,-0.05199042707681656,0.022718599066138268,-0.3714446067810059,-0.3428414762020111,-0.3148672699928283,0.12686608731746674,0.0018645121017470956,0.39850327372550964,0.020234346389770508,0.10354961305856705,0.12403100728988647,0.15422930717468264,6.068401853553951e-05,0.0,0.33083876967430115,0.0024169061798602343,0.0,0.0,0.0,0.3410032093524933,0.0,1.3237848281860352,0.07319933921098709,0.2566425085067749,0.3307441771030426,0.4400016188621522,2.8916718287231915,1.0088629461642808,0.6360687349075567,0.2607708283834032,0.9364397628435142,0.06801679818815731,1.2144908491583708,0.4815910601271318,0.8136912325011367,0.28462857418551385,0.9741763052396762,0.08110397821558575,12.7677952987741,2.4118376556146233,0.4477829954988236,0.24806939309256726,0.5796424954390029,0.06156013220416317,8.083395556793832,1.8819347550273196,0.49377178606021727,0.24464004196653855,0.7798054489143231,0.05986822634416662,0.39663876162376255,0.05067969411611559,nan,False,144250,0.7643315476852809
parcel_1777666591451_o64cz,sentinel2_l2a\2025_05_06\test\extensif__parcel_1777666591451_o64cz.tif,test,extensif,Kairouan,Kairouan__lat175_lng50,790.8698653056623,7,0.05141258239746094,0.02936668102223905,1.7507113711122746,0.12231717974977634,0.0007814479738215141,0.6563492833260076,0.13583999872207642,0.07149321585893631,0.31889763474464417,0.026125241070985794,0.10640279203653336,0.13189448416233063,0.17034732699394226,-0.34233754873275757,-0.4651123583316803,-0.14065510034561157,0.02611335925757885,-0.375127500295639,-0.34220004081726074,-0.31056246161460876,0.13583999872207642,0.07149321585893631,0.31889763474464417,0.026125241070985794,0.10640279203653336,0.13189448416233063,0.17034732699394226,0.0006902231252752244,0.0,0.19816270470619202,0.00648323493078351,0.0,0.0,0.0,0.3734690845012665,0.14066246151924133,1.0357716083526611,0.09452112019062042,0.2669652998447418,0.35919424891471863,0.49831665158271793,1.9105409534208282,0.6567577709137058,0.7608016728832474,0.4975138531212997,0.9627759623808101,0.24752650655012093,1.07331261074942,0.3376240360320272,0.8740518572028807,0.5058902914780521,0.9805426059093012,0.25594078721155344,7.75763391543043,1.5530115204005537,0.6302561072583444,0.48871950988977547,0.7003739049457336,0.2388539531357034,6.030671644002254,1.3581747362981187,0.6474439424806355,0.4878245484989623,0.8321238070586191,0.2379778736369857,0.24740441888570786,0.0639445349574089,nan,False,79037,0.5116060794365905
parcel_1777666608727_pm8wx,sentinel2_l2a\2025_05_06\test\extensif__parcel_1777666608727_pm8wx.tif,test,extensif,Sidi_Bouzid,Sidi_Bouzid__lat175_lng50,367.63711614930213,7,0.025491714477539062,0.02045396884574302,1.2462967294899603,0.07867832404799718,0.00036308308625621066,0.737064818119786,0.13813713192939758,0.050572894513607025,0.5215311050415039,0.03256336227059364,0.10691823810338974,0.13075092434883118,0.17823535203933716,-0.33727002143859863,-0.5545898675918579,-0.150883287191391,0.032058022916316986,-0.37307992577552795,-0.34158073365688324,-0.2951385974884033,0.13813713192939758,0.050572894513607025,0.5215311050415039,0.03256336227059364,0.10691823810338974,0.13075092434883118,0.17823535203933716,0.0025759295094758272,0.0,0.5358851552009583,0.01933680661022663,0.0,0.0,0.0,0.38178011775016785,0.06497272849082947,1.7688995599746704,0.11781424283981323,0.26883018016815186,0.35505685210227966,0.5268555283546448,2.497908402364792,0.7760547104475226,0.7186397133996685,0.3224055152671816,0.9497097861358326,0.10396755137299227,1.6189634240913429,0.4536265275244713,0.8396564064249217,0.33884401576106454,0.9695883102032036,0.1148913237357432,5.7816072050335,1.4978430773578364,0.5660353682915388,0.317577034544627,0.7599069132866657,0.10092759155992767,6.179568748149928,1.4673103564531038,0.5771660922657901,0.30576594312941485,0.8201308098962443,0.09350590755981522,0.4709582105278969,0.07131711393594742,nan,False,36746,0.6977441895792192
parcel_1777662875975_5jz1b,sentinel2_l2a\2025_05_06\test\intensif__parcel_1777662875975_5jz1b.tif,test,intensif,Gabes,Gabes__lat171_lng48,105.91107426235152,8,0.014762878417970526,0.017069687615858697,0.8648593196430252,0.07325289507803118,0.00010358704724922063,0.24258599854297422,0.09908181428909302,0.039482202380895615,0.16918714344501495,0.020589737221598625,0.07987470924854279,0.08876735717058182,0.1308165043592453,-0.29518741369247437,-0.35536321997642517,-0.12071917951107025,0.02066993899643421,-0.32538241147994995,-0.2895132899284363,-0.273653107881546,0.09908181428909302,0.039482202380895615,0.16918714344501495,0.020589737221598625,0.07987470924854279,0.08876735717058182,0.1308165043592453,0.0,0.0,0.0,0.0,0.0,0.0,0.0,0.2404780089855194,0.02484661340713501,0.4941190779209137,0.07449366897344589,0.17098671197891235,0.20316028594970703,0.3552941083908081,2.2880688196072017,0.5368238361884322,0.8298625275777285,0.5921170318555007,0.9397371106985951,0.35064137837746573,1.749583585116089,0.37856479358902184,0.8830115772331146,0.6024515599665321,0.9624606153728513,0.36299364780417065,1.882663823827863,0.47481949930056366,0.8412513487546266,0.6226768851347354,0.9273071829073375,0.38777304931978707,3.7852188474297224,0.6462431461612113,0.8209003558120564,0.5929053143907999,0.9149175092144552,0.35157581158500706,0.12970494106411934,0.050941795110702515,nan,False,10579,0.4034706331045004
parcel_1777662889381_5q9ie,sentinel2_l2a\2025_05_06\test\intensif__parcel_1777662889381_5q9ie.tif,test,intensif,Gabes,Gabes__lat171_lng48,16.810050217460006,5,0.00948429107665838,0.006033732096419442,1.571878055753682,0.02272178000903609,1.64389154804212e-05,0.4001274304725582,0.1559712141752243,0.08360619843006134,0.23236823081970215,0.022748205810785294,0.1305384963750839,0.15637879073619843,0.18166930675506593,-0.34017789363861084,-0.39478611946105957,-0.26430168747901917,0.019939042627811432,-0.3629348337650299,-0.3409988433122635,-0.3182323664426804,0.1559712141752243,0.08360619843006134,0.23236823081970215,0.022748205810785294,0.1305384963750839,0.15637879073619843,0.18166930675506593,0.0004864196525886655,0.0,0.05394704267382622,0.0036257340107113123,0.0,0.0,0.0,0.4463038444519043,0.1844872236251831,0.7227082252502441,0.0823030099272728,0.35428827404975893,0.44777846336364746,0.539279556274414,3.9465132483062373,0.5238405989014576,0.8874568288644324,0.7070737511962513,0.92701999009084,0.5000318510315654,4.880778383020434,0.6265287529638486,0.8689786025259731,0.7037533139386116,0.8492984872311202,0.4953533231053726,2.4408620058922397,0.5507416363451866,0.8431714952934097,0.7068693712628775,0.9221776172269095,0.49973291490814975,5.068369030519382,0.7319953679099442,0.8357554073160424,0.7027672567776985,0.7443786003408543,0.49396851620180626,0.1487620323896408,0.05113081037998202,nan,False,1684,0.28141711229946526
parcel_1777666827849_immef,sentinel2_l2a\2025_05_06\test\intensif__parcel_1777666827849_immef.tif,test,intensif,Gafsa,Gafsa__lat173_lng43,615.6273959080931,14,0.037078857421875,0.035364844574424126,1.0484665737422878,0.11745649827819127,0.0006054262871657556,0.5514638386844587,0.1868606060743332,0.04263275861740112,0.3775649666786194,0.0332825742661953,0.14109890162944794,0.191014364361763,0.22642089426517487,-0.34212526679039,-0.4658147096633911,-0.06287716329097748,0.0325130820274353,-0.38315171003341675,-0.3455480635166168,-0.29790419340133667,0.1868606060743332,0.04263275861740112,0.3775649666786194,0.0332825742661953,0.14109890162944794,0.191014364361763,0.22642089426517487,0.012369932606816292,0.0,0.2959415912628174,0.024582192301750183,0.0,0.0,0.044034816324710846,0.5580616593360901,0.03624531626701355,1.2480300664901733,0.12041635811328888,0.3924958407878876,0.5730899572372437,0.7011908292770386,1.5303658178472812,0.36990439641798417,0.8707426209303006,0.5616494810532118,0.9747247335994023,0.3154644918744233,1.8410857137311,0.4258889098852603,0.8588131844656217,0.5521617188446934,0.9576439485499826,0.30489805795736774,1.7245491622140017,0.5498149553372808,0.8036359275948544,0.5538945580828136,0.9488829196146906,0.3068072199719596,2.126590282981049,0.5700307136034356,0.803657292657258,0.5465706334107727,0.946260007066183,0.2987462211491828,0.33493220806121826,0.08532199263572693,nan,False,61511,0.46170070631328486
parcel_1777665966157_egeq5,sentinel2_l2a\2025_05_06\train\extensif__parcel_1777665966157_egeq5.tif,train,extensif,Mahdia,Mahdia__lat176_lng53,94.92092846720377,22,0.01455903053283869,0.010701346706106563,1.3604858278753644,0.0453903887718972,9.405423475072894e-05,0.5736677202517031,0.19485080242156982,0.10429175198078156,0.7189586162567139,0.042744122445583344,0.15209282338619232,0.19074363261461258,0.23637088090181355,-0.34961310029029846,-0.6501121520996094,-0.17892426252365112,0.0318392775952816,-0.3844448268413544,-0.34903229773044586,-0.3118484020233154,0.19485080242156982,0.10429175198078156,0.7189586162567139,0.042744122445583344,0.15209282338619232,0.19074363261461258,0.23637088090181355,0.01984499767422676,0.0,0.8649309873580933,0.05318959429860115,0.0,0.0,0.060618127882480666,0.5869701504707336,0.25932756066322327,2.483192205429077,0.15464822947978973,0.43227184414863584,0.5721104741096497,0.7371898770332337,3.5452117239503487,0.927839134172752,0.7100145390270693,0.41134690302990873,0.9251420184776025,0.1692465493208542,2.6381678349427933,0.7356793568859301,0.7655258793517503,0.41503472485821813,0.9379429600510825,0.17232903007011113,6.1896715163837825,1.3837775232030212,0.6213655682223405,0.40317569426509137,0.7904819224283812,0.16258309340003765,6.010424044576149,1.4093151798848425,0.6124752409998548,0.40230510424868676,0.8483999516757292,0.16187680488498035,0.6146668642759323,0.08427805751562123,nan,False,9488,0.5900497512437811
parcel_1777666096636_lo0y0,sentinel2_l2a\2025_05_06\train\extensif__parcel_1777666096636_lo0y0.tif,train,extensif,Sfax,Sfax__lat175_lng52,369.5143302028536,7,0.04488945007324219,0.019168290694800305,2.3418598344514434,0.10151130472004832,0.00036533520940906783,0.44552550803176116,0.13586178421974182,0.07327703386545181,0.2911754250526428,0.01858474127948284,0.11589333564043044,0.13292112201452255,0.15952060967683795,-0.31444302201271057,-0.42817625403404236,-0.1855737715959549,0.023441491648554802,-0.34507127702236173,-0.3136739134788513,-0.2856477707624435,0.13586178421974182,0.07327703386545181,0.2911754250526428,0.01858474127948284,0.11589333564043044,0.13292112201452255,0.15952060967683795,0.00023236926062963903,0.0,0.15195903182029724,0.0038532258477061987,0.0,0.0,0.0,0.3735479712486267,0.1471163034439087,0.9354726076126099,0.06723959743976593,0.3013020843267441,0.36290861666202545,0.4591455519199373,1.3342288640808022,0.418470992059529,0.8469101477546299,0.5880960584517527,0.9605503044035895,0.3458740484348213,1.0265551190718363,0.2957218363013001,0.8939211811359429,0.5900525623064774,0.9647612912047259,0.3481837275822087,6.655736942080142,1.2561302436462274,0.7043838401948765,0.57288319982051,0.7025942249206851,0.3282041432002645,4.537110837744209,1.0218765429189938,0.7242740413672837,0.5669994283496604,0.8991094576352354,0.3214948504326902,0.217898391187191,0.04362727403640751,nan,False,36964,0.4282701888541305
parcel_1777666127269_tb54q,sentinel2_l2a\2025_05_06\train\extensif__parcel_1777666127269_tb54q.tif,train,extensif,Sfax,Sfax__lat175_lng52,555.0980749596731,15,0.03325939178466797,0.031433128649709374,1.058099947838806,0.1076594700979261,0.0005486002729355732,0.5947869175963968,0.13322128355503082,0.061194755136966705,0.46300604939460754,0.02198879048228264,0.10820058584213257,0.13022351264953613,0.16194492876529692,-0.32166028022766113,-0.5269548296928406,-0.1366799920797348,0.0223705917596817,-0.3499021589756012,-0.32095327973365784,-0.2950819730758667,0.13322128355503082,0.061194755136966705,0.46300604939460754,0.02198879048228264,0.10820058584213257,0.13022351264953613,0.16194492876529692,0.0002757333277259022,0.0,0.4383433759212494,0.004945371299982071,0.0,0.0,0.0,0.3639945983886719,0.10340262949466705,1.5571558475494385,0.079555444419384,0.2734697163105011,0.3531486690044403,0.46791674494743346,2.110052649010856,0.6709633880398903,0.7663985778277151,0.4865275785353078,0.9556533809207095,0.23671740827747376,1.4713621130831522,0.46986063796324395,0.834014243743944,0.4922850168605185,0.9679250252854603,0.24236566085587796,8.050162837780904,1.5594599572960433,0.6327784116753757,0.48561433934996084,0.6974921130384995,0.23582908364897276,6.5512099948981675,1.3799405779320735,0.6484656073732047,0.4791171862925072,0.8385040684823273,0.22955697439358727,0.40181129425764084,0.05374434292316435,nan,False,55483,0.5197470725995316
parcel_1777666170696_fk7cq,sentinel2_l2a\2025_05_06\train\extensif__parcel_1777666170696_fk7cq.tif,train,extensif,Sfax,Sfax__lat175_lng52,1807.1164396063298,26,0.06832122802734375,0.044238188266199074,1.5443948024323981,0.17903835303589902,0.0017850614260339626,0.6997950738894052,0.1555040180683136,0.07666290551424026,0.5176733732223511,0.025898871943354607,0.1245865523815155,0.15314044058322906,0.18857142329216003,-0.3264686167240143,-0.5913676023483276,-0.19567281007766724,0.022157829254865646,-0.35372820496559143,-0.32687488198280334,-0.2989150881767273,0.1555040180683136,0.07666290551424026,0.5176733732223511,0.025898871943354607,0.1245865523815155,0.15314044058322906,0.18857142329216003,0.0016347267664968967,0.0,0.5294556021690369,0.010616625659167767,0.0,0.0,0.0,0.44461360573768616,0.1593663990497589,1.7549422979354858,0.09370212256908417,0.33275413513183594,0.43606212735176086,0.5642514228820801,1.3370069005253713,0.5330513825311566,0.7897949205332279,0.4292230063770154,0.9706795065797709,0.1842399278535288,0.9169251963291962,0.368869354382947,0.8541623777308358,0.43433924123561307,0.9797409867231222,0.18867357626514192,4.767391371944274,1.2710711489338462,0.6271167078053647,0.42031109984842074,0.8418568563895755,0.17666492251574337,5.668539522633612,1.3879503668347257,0.6119676350903608,0.41245631310553144,0.8440407376488377,0.1701219349448398,0.4410104677081108,0.06398487091064453,nan,False,180653,0.5910936605316973
parcel_1777666196106_hhim9,sentinel2_l2a\2025_05_06\train\extensif__parcel_1777666196106_hhim9.tif,train,extensif,Sfax,Sfax__lat175_lng53,189.6459480475336,11,0.023431777954101562,0.0208726309177365,1.122607784636791,0.07281435957702961,0.00018732023104917062,0.4439770084556375,0.15084615349769592,0.08208876103162766,0.6164199113845825,0.036827847361564636,0.11481235921382904,0.14523393660783768,0.19005075842142105,-0.35269924998283386,-0.5954982042312622,-0.1906721591949463,0.02875993773341179,-0.3868366926908493,-0.35136817395687103,-0.31866952776908875,0.15084615349769592,0.08208876103162766,0.6164199113845825,0.036827847361564636,0.11481235921382904,0.14523393660783768,0.19005075842142105,0.004615992773324251,0.0,0.6940332055091858,0.03106001950800419,0.0,0.0,0.0,0.42776134610176086,0.17899712920188904,2.1122071743011475,0.1332431435585022,0.2973911166191101,0.4074563980102539,0.5696036219596863,1.724532054687633,0.539602272441768,0.8134594195306575,0.6234684256049788,0.9620858261971811,0.38872242555263664,1.1713267892766548,0.3364672983461821,0.8832381509333882,0.6257527622719127,0.9759805092683886,0.3915797039172446,5.264205408294344,1.1021540685342446,0.7276206288291395,0.6171400050132247,0.7298409836159181,0.38088093780584187,5.935610427955003,1.1787560836138251,0.7210009059869287,0.6163932616062413,0.840153632160947,0.37994893049369927,0.5343311503529549,0.07523839920759201,nan,False,18966,0.3787443086508507
parcel_1777666217906_3lfgs,sentinel2_l2a\2025_05_06\train\extensif__parcel_1777666217906_3lfgs.tif,train,extensif,Sfax,Sfax__lat175_lng53,214.9880465862079,11,0.03409624099731623,0.01291788231450397,2.63946056847364,0.07779320589201794,0.00021228931132100115,0.44081326364816575,0.15332593023777008,0.07898516207933426,0.5033660531044006,0.030683308839797974,0.11788364201784134,0.1501954197883606,0.19149938225746163,-0.34053942561149597,-0.5483359694480896,-0.16908714175224304,0.02825441025197506,-0.37494249939918517,-0.34164440631866455,-0.3032236695289612,0.15332593023777008,0.07898516207933426,0.5033660531044006,0.030683308839797974,0.11788364201784134,0.1501954197883606,0.19149938225746163,0.0025092349387705326,0.0,0.5056101083755493,0.016078436747193336,0.0,0.0,0.0,0.4367331862449646,0.16776832938194275,1.7031784057617188,0.11101221293210983,0.3085030198097229,0.4254070222377777,0.5748447656631474,2.325659862451369,0.6797028969543972,0.7700598185996705,0.5167132709905295,0.9398205421796342,0.26701337391295077,1.8281069594476982,0.5241418744103123,0.8254107873808674,0.5185507435515526,0.9579919910092866,0.2689280511397933,7.697094860186049,1.520308230468112,0.6422071813570174,0.5092253009852777,0.7351288877494935,0.2593323024581293,6.2326673211180275,1.358382374984678,0.6551391505200124,0.5063392693392833,0.8226233703834993,0.2563960271876965,0.4243808910250664,0.0736157402396203,nan,False,21495,0.4870505064237645
parcel_1777666232428_43q5u,sentinel2_l2a\2025_05_06\train\extensif__parcel_1777666232428_43q5u.tif,train,extensif,Sfax,Sfax__lat175_lng53,117.86978313823562,5,0.016393661499025214,0.012197456749390767,1.3440229250941216,0.04467319676091603,0.00011638796991064737,0.7328648540505104,0.1658596694469452,0.09385862946510315,0.3244536817073822,0.026974942535161972,0.13399409353733063,0.16287215054035187,0.20147168636322021,-0.3623645305633545,-0.46419838070869446,-0.24543002247810364,0.027749890461564064,-0.394929301738739,-0.3647405207157135,-0.3273931384086609,0.1658596694469452,0.09385862946510315,0.3244536817073822,0.026974942535161972,0.13399409353733063,0.16287215054035187,0.20147168636322021,0.003210792550817132,0.0,0.20742279291152954,0.013056893832981586,0.0,0.0,0.0024528055917471714,0.4820803105831146,0.22158053517341614,1.0558733940124512,0.09759534150362015,0.366790634393692,0.47127142548561096,0.6109245777130127,3.101749291720119,0.8643731845019184,0.7178113961598813,0.42215009554546157,0.9194101247662372,0.17824227164180362,2.412870092657749,0.688307494032485,0.7773491535079639,0.42888855020390915,0.9428744125377698,0.18400813956121875,8.923071624294792,1.7912840133406247,0.572695228800705,0.4173797415509276,0.7087373255865762,0.174226134954547,5.819537349792025,1.419288166853817,0.6054909471450707,0.41402354915275336,0.7983407248679151,0.17143014716294935,0.23059505224227905,0.06747759282588958,nan,False,11785,0.5773281732229462
parcel_1777666247763_3i29v,sentinel2_l2a\2025_05_06\train\extensif__parcel_1777666247763_3i29v.tif,train,extensif,Sfax,Sfax__lat175_lng53,58.115115913749065,6,0.017123222351075995,0.007134370921846767,2.400102621331548,0.03772381632911412,5.7394772454699705e-05,0.5068167493781296,0.1698611080646515,0.0891662985086441,0.35433071851730347,0.0365326814353466,0.12647957503795623,0.16390014439821243,0.2226853772997856,-0.35378357768058777,-0.4833398759365082,-0.2457420974969864,0.026316283270716667,-0.3884105086326599,-0.3539622873067856,-0.3192159444093704,0.1698611080646515,0.0891662985086441,0.35433071851730347,0.0365326814353466,0.12647957503795623,0.16390014439821243,0.2226853772997856,0.008696714416146278,0.0,0.2572178542613983,0.021467240527272224,0.0,0.0,0.03780895583331585,0.4965575337409973,0.2046036720275879,1.163968563079834,0.1321752369403839,0.33960309624671936,0.47499072551727295,0.6876757383346558,2.822067900344365,0.6959525118294898,0.7791929077356421,0.5451231798734408,0.9374705299444829,0.29721725535363086,1.7653091803858287,0.46900665576508654,0.8459781866140101,0.5485165545967895,0.9539121605131401,0.3009525528767511,5.240476704575505,1.1691755861082274,0.6887725129958288,0.5322501704503557,0.8329247961815498,0.2833426146652267,7.137379596321033,1.3966346145741722,0.6662633761449392,0.5276811172972944,0.8242604718556283,0.27849444159175096,0.26516442000865936,0.09620580226182937,nan,False,5810,0.45686875835495794
parcel_1777666273477_7e680,sentinel2_l2a\2025_05_06\train\extensif__parcel_1777666273477_7e680.tif,train,extensif,Sfax,Sfax__lat175_lng53,54.66463616439917,21,0.010685920715332031,0.008978228710638803,1.1902036648576004,0.032586298935559255,5.399451754328766e-05,0.6389832213878606,0.16374622285366058,0.0569395013153553,0.4114803671836853,0.03583456203341484,0.12715450227260588,0.15812917053699493,0.20296214222908018,-0.3519149124622345,-0.5031677484512329,-0.12766967713832855,0.030468963086605072,-0.3878858685493469,-0.35068315267562866,-0.31772844195365907,0.16374622285366058,0.0569395013153553,0.4114803671836853,0.03583456203341484,0.12715450227260588,0.15812917053699493,0.20296214222908018,0.006786742713302374,0.0,0.35246726870536804,0.030260253697633743,0.0,0.0,0.004936898499727236,0.47443386912345886,0.0880071222782135,1.370736002922058,0.12964944541454315,0.3420450031757355,0.45411136746406555,0.6163170337677002,3.7076536490863754,0.9818568576922654,0.6941904348170163,0.44360743537290204,0.9010124893108307,0.1968311970781157,2.432707504362762,0.6827476189228173,0.7816467386193868,0.44623369909289146,0.941711010742137,0.19920313922929203,5.628236701319781,1.3543749725672127,0.6267432300507335,0.440742011399385,0.723907605546076,0.19431069037610532,8.164739692689686,1.5595013673370546,0.6147214414200248,0.43486155211018884,0.809332584862708,0.1891463465345195,0.35454086586833,0.0758076399564743,nan,False,5459,0.5515255607193372
parcel_1777666300643_1c2ue,sentinel2_l2a\2025_05_06\train\extensif__parcel_1777666300643_1c2ue.tif,train,extensif,Sfax,Sfax__lat175_lng53,49.28764309617389,26,0.010836124420167792,0.010454600853634588,1.0364933651580361,0.03807856196881491,4.86811572386614e-05,0.42190014996407377,0.14895491302013397,0.06752655655145645,0.27244678139686584,0.024695685133337975,0.11958763003349304,0.14665502309799194,0.18068543374538423,-0.34463316202163696,-0.4576151967048645,-0.15186245739459991,0.02602331154048443,-0.3745948076248169,-0.34633512794971466,-0.313673797249794,0.14895491302013397,0.06752655655145645,0.27244678139686584,0.024695685133337975,0.11958763003349304,0.14665502309799194,0.18068543374538423,0.0008257446461357176,0.0,0.12074462324380875,0.0062880972400307655,0.0,0.0,0.0,0.42091894149780273,0.12631107866764069,0.8677124977111816,0.08934898674488068,0.31466805934906006,0.4125978946685791,0.535719919204712,2.9106941505368376,0.7492781179348966,0.7679592760562444,0.5636419631928409,0.9108937079749234,0.3177232925267628,1.8808244397237266,0.5199671012141617,0.8326709520810752,0.5677157172595847,0.9522145643511912,0.3223427652802333,8.534195713886419,1.510839010898461,0.66899023031386,0.5580864339473479,0.686043682615376,0.31149190379613645,7.159481262743016,1.3376940007955223,0.6842567645301754,0.5563269977209557,0.7449507597069049,0.30952605167984315,0.2049202248454094,0.06109780371189119,nan,False,4932,0.4257964257964258
parcel_1777666340373_juajr,sentinel2_l2a\2025_05_06\train\extensif__parcel_1777666340373_juajr.tif,train,extensif,Sfax,Sfax__lat175_lng52,303.20435155336753,17,0.0322723388671875,0.017937437320348693,1.7991610669254814,0.08870472059901553,0.000299508784308955,0.47832817597271315,0.15035203099250793,0.09339239448308945,0.578125,0.022416146472096443,0.1237561747431755,0.14804771542549133,0.1798182636499405,-0.34816959500312805,-0.6216758489608765,-0.19099316000938416,0.02581361122429371,-0.3823330342769623,-0.3463796377182007,-0.31778048872947695,0.15035203099250793,0.09339239448308945,0.578125,0.022416146472096443,0.1237561747431755,0.14804771542549133,0.1798182636499405,0.0005474029458127916,0.0,0.6302083134651184,0.007158332969993353,0.0,0.0,0.0,0.42597365379333496,0.2198936939239502,1.973656177520752,0.08110161870718002,0.32974984049797057,0.4176366627216339,0.532582426071167,2.5986980985666563,0.7981178187316686,0.7319967752106316,0.49312325919670286,0.9431950368359174,0.24319113631631029,1.4722616252996266,0.459955944295078,0.8371402729431278,0.5009991286288951,0.9675545656049989,0.2510266228157103,10.967883106463628,1.9051215972607416,0.6003175977035213,0.4852242656159414,0.6347875025714871,0.2354598507647972,6.740294965314575,1.4398396431016178,0.6340879079574424,0.4844414552022581,0.8380157092335299,0.23469408071646608,0.48473260551691055,0.05606208890676499,nan,False,30305,0.5102882737253317
parcel_1777666373384_lm2rb,sentinel2_l2a\2025_05_06\train\extensif__parcel_1777666373384_lm2rb.tif,train,extensif,Sfax,Sfax__lat175_lng52,802.5649560894694,18,0.04894495010375799,0.035478661509884546,1.3795602207293436,0.13770555550462138,0.0007926198217660385,0.5252570254717355,0.15981043875217438,0.07814992219209671,0.43024495244026184,0.025989944115281105,0.12949639558792114,0.1568206250667572,0.19389960616827012,-0.3506186306476593,-0.4613710641860962,-0.16094210743904114,0.026163486763834953,-0.3838120102882385,-0.3503565043210983,-0.31955512464046476,0.15981043875217438,0.07814992219209671,0.43024495244026184,0.025989944115281105,0.12949639558792114,0.1568206250667572,0.19389960616827012,0.0021842941641807556,0.0,0.383741557598114,0.011105493642389774,0.0,0.0,0.0,0.46019425988197327,0.16474643349647522,1.4386261701583862,0.09403162449598312,0.35051795840263367,0.44937703013420105,0.5835287332534791,1.6489385672101693,0.5379514870449159,0.8076815425545607,0.5588168233720495,0.9662009400536717,0.3122827406745444,1.1409754160683343,0.3756708443562632,0.8632426758190042,0.5610508947230464,0.9760282910596165,0.3147881271470314,5.481556788864758,1.219378626494793,0.6866913643800037,0.5502627066411452,0.793444650976256,0.30279726530785755,4.855467841760502,1.124380205709599,0.6944692634752891,0.5473416817051455,0.8681958371256502,0.2995870111286173,0.35209503024816513,0.06440321058034898,nan,False,80222,0.4508018926239365
parcel_1777666392195_gp8ab,sentinel2_l2a\2025_05_06\train\extensif__parcel_1777666392195_gp8ab.tif,train,extensif,Sfax,Sfax__lat175_lng52,59.06211966714234,7,0.012595653533935547,0.008976528034288833,1.4031765383923784,0.033841704956111045,5.834881139321624e-05,0.6402320453595042,0.14037223160266876,0.09025788307189941,0.23497267067432404,0.02209996059536934,0.11425083503127098,0.13730254024267197,0.1705608785152435,-0.34971341490745544,-0.4389812648296356,-0.2765685021877289,0.01918049342930317,-0.37626173794269563,-0.34820108115673065,-0.32690249681472777,0.14037223160266876,0.09025788307189941,0.23497267067432404,0.02209996059536934,0.11425083503127098,0.13730254024267197,0.1705608785152435,0.00016575417248532176,0.0,0.05828777700662613,0.002154744928702712,0.0,0.0,0.0,0.38986673951148987,0.2085530161857605,0.7321311235427856,0.07995765656232834,0.2953595191240311,0.37876059114933014,0.4990892648696899,4.319340098517855,1.1145755734023908,0.6712283633649039,0.4848274557942843,0.9181116311924138,0.23507982711958053,2.669496420789619,0.6726335469178304,0.792509498253479,0.489632822352026,0.9544665770773555,0.23979589935821827,15.699977903541232,2.336161096515749,0.5704887328784352,0.47326849975957974,0.456737777179356,0.2240103113373465,12.19246583451594,2.0544854938022645,0.5844293180324633,0.47355618106670944,0.697085197147567,0.22427799532461615,0.14471478760242462,0.05631004348397253,nan,False,5904,0.5089655172413793
parcel_1777666410382_4ozey,sentinel2_l2a\2025_05_06\train\extensif__parcel_1777666410382_4ozey.tif,train,extensif,Sfax,Sfax__lat175_lng52,104.69984177156394,8,0.015621185302734375,0.012524844735203544,1.2472158843476882,0.04305971644130126,0.00010343743272756001,0.701043982603652,0.14771324396133423,0.09179170429706573,0.25581395626068115,0.022444061934947968,0.12025914564728737,0.14593423157930374,0.17738715559244156,-0.3563690483570099,-0.44446539878845215,-0.28698378801345825,0.018740208819508553,-0.3809880167245865,-0.3552469462156296,-0.3333333432674408,0.14771324396133423,0.09179170429706573,0.25581395626068115,0.022444061934947968,0.12025914564728737,0.14593423157930374,0.17738715559244156,0.0003841475991066545,0.0,0.09302325546741486,0.0037888826336711645,0.0,0.0,0.0,0.41642650961875916,0.2141023874282837,0.80753493309021,0.08120261877775192,0.31709758937358856,0.4099900722503662,0.5237866878509522,3.2055828287717896,0.9146245486734768,0.7047070782989724,0.4775015702244958,0.9286935234544003,0.22804514550310137,2.0884558782100493,0.5942380419232253,0.8049959528005787,0.48315642599287845,0.9555617799184488,0.23348613990040865,10.633588480092776,1.8924236631034166,0.5929941074108374,0.46875791443360776,0.6652760437702255,0.2197567018900119,10.099437041824231,1.8486461573147464,0.5953873109277301,0.46787100507786417,0.7608407812324218,0.21892057211228877,0.16402225196361542,0.057128009945154185,nan,False,10472,0.51936715766503
parcel_1777666449437_wci0q,sentinel2_l2a\2025_05_06\train\extensif__parcel_1777666449437_wci0q.tif,train,extensif,Sfax,Sfax__lat175_lng52,253.9376947109025,29,0.03085613250732422,0.014055114892578047,2.195366793025515,0.09025449685917446,0.0002508410078974066,0.38696412341356423,0.14831149578094482,0.08526092022657394,0.3207925856113434,0.025843847543001175,0.11669128388166428,0.1459781527519226,0.18288615345954895,-0.34984147548675537,-0.45045676827430725,-0.21414487063884735,0.02774607576429844,-0.3844500184059143,-0.3510063886642456,-0.3132818639278412,0.14831149578094482,0.08526092022657394,0.3207925856113434,0.025843847543001175,0.11669128388166428,0.1459781527519226,0.18288615345954895,0.000700836128089577,0.0,0.20132096111774445,0.005648512858897448,0.0,0.0,0.0,0.4185909628868103,0.1904740035533905,1.0426275730133057,0.09350304305553436,0.3041890561580658,0.410148948431015,0.5436820983886719,3.4806749352520883,1.0014472573219402,0.6772984466274025,0.42315715647820645,0.9242215236062027,0.17909427281115842,2.1247944629677105,0.6281925856422935,0.7895500877361659,0.43023617491770627,0.9530939245852381,0.18515813765285394,11.410420964912849,2.0351833478357135,0.5580294307147253,0.4140325192110618,0.6577723372320554,0.1714481122902948,6.82447548764454,1.540817596294374,0.5957989637348713,0.41290486850239594,0.8111632803424229,0.17051155975297483,0.23553166538476944,0.06619486957788467,nan,False,25391,0.5788441810099167
parcel_1777662049508_exj14,sentinel2_l2a\2025_05_06\train\intensif__parcel_1777662049508_exj14.tif,train,intensif,Zaghouan,Zaghouan__lat182_lng50,74.01179995745333,20,0.012788772583007812,0.014016245595030341,0.9124249783081892,0.042677040167920746,7.441042058076164e-05,0.5133990254870723,0.41362249851226807,0.1440291702747345,0.5666931867599487,0.06606046855449677,0.327614837884903,0.43250423669815063,0.4745892584323883,-0.4864431619644165,-0.5940361022949219,-0.20700784027576447,0.058128561824560165,-0.541318702697754,-0.50146484375,-0.4133757770061493,0.41362249851226807,0.1440291702747345,0.5666931867599487,0.06606046855449677,0.327614837884903,0.43250423669815063,0.4745892584323883,0.35655269026756287,0.0,0.6111553311347961,0.10830028355121613,0.21269138455390932,0.38750705122947693,0.45764875411987305,1.3784862756729126,0.403097540140152,1.9322960376739502,0.23900675773620605,1.0673104286193849,1.4468003511428833,1.5990639209747315,3.5415244218967663,0.7570802842640546,0.7855100890186211,0.5858443411624302,0.9386803844307935,0.34323965661652284,3.582460953688778,0.6467986009404678,0.8298716858639184,0.5904421635611854,0.8541283423513528,0.3486651231846421,3.216187077721549,0.6736159484795166,0.816156367758962,0.5871988703293693,0.9462406193887454,0.34482978939425857,3.7200727105664444,0.6971490878736565,0.8184225553156634,0.6013931498100062,0.7826536169325085,0.3617202212332134,0.42266401648521423,0.14697442054748533,nan,False,7403,0.41002492384381056
parcel_1777662108262_dhxlg,sentinel2_l2a\2025_05_06\train\intensif__parcel_1777662108262_dhxlg.tif,train,intensif,Zaghouan,Zaghouan__lat182_lng50,370.10213776960774,53,0.02810955047607422,0.02505800090495569,1.1217794501122804,0.10928543376470672,0.0003721837838952524,0.3916000604945264,0.5207673907279968,-0.007209063041955233,0.6948176622390747,0.07168690860271454,0.4373206615447998,0.5371325612068176,0.586863911151886,-0.5679304599761963,-0.6678561568260193,0.07094918191432953,0.05488749220967293,-0.6146495699882507,-0.5823259651660919,-0.5069007754325866,0.5207673907279968,-0.007209063041955233,0.6948176622390747,0.07168690860271454,0.4373206615447998,0.5371325612068176,0.586863911151886,0.5349218249320984,0.0,0.8246960639953613,0.11785194277763367,0.3955344170331955,0.5618875920772552,0.6447731852531433,1.7661545276641846,0.0,2.39585018157959,0.2592352032661438,1.4642261385917663,1.8253455758094788,2.005273675918579,2.557562998490016,0.7691359741223152,0.7431346744362638,0.47755398585489506,0.9416060653575371,0.22807155401376383,3.176936431765012,0.6323269188893025,0.8150152523748345,0.4980721437878367,0.8559310763372948,0.2481257684933984,2.4777061348639053,0.6556449315038768,0.7927405916343133,0.48441835795979965,0.960579264926808,0.2346816127749176,3.59504391984962,0.7271362644940064,0.7908234819761473,0.5037819361406741,0.783516787534087,0.25383863401320483,0.7020267252810299,0.14954324960708615,nan,False,36992,0.526142117539967
parcel_1777662148660_qey6r,sentinel2_l2a\2025_05_06\train\intensif__parcel_1777662148660_qey6r.tif,train,intensif,Zaghouan,Zaghouan__lat182_lng50,140.24199355289807,31,0.014033317565917969,0.01794744006950566,0.7819119334886013,0.05950420660642907,0.00014103143678312335,0.5005303962837565,0.4618593752384186,0.07974559813737869,0.6262295246124268,0.07235658913850784,0.368114110827446,0.4801041781902313,0.5354926228523255,-0.5279821753501892,-0.6483909487724304,-0.1674160212278366,0.055680543184280396,-0.5802785873413085,-0.542769730091095,-0.4597640186548233,0.4618593752384186,0.07974559813737869,0.6262295246124268,0.07235658913850784,0.368114110827446,0.4801041781902313,0.5354926228523255,0.4367944896221161,0.0,0.7103825211524963,0.1191043108701706,0.2801901578903198,0.46684029698371887,0.5591543853282929,1.5530071258544922,0.17051959037780762,2.147698402404785,0.2617861330509186,1.2138368368148804,1.619016945362091,1.8194123029708864,3.6146070211374077,0.9527407346004932,0.7000248013019505,0.443060272930534,0.8865922646062889,0.19633356508110011,3.611104192622097,0.7092050268729488,0.7963085453714658,0.46426920414940387,0.8529410103287838,0.21562231147480776,3.3050889209800496,0.8249075801831534,0.7464456221552624,0.44568521536975814,0.943946313905865,0.1986701004777046,4.400773538630835,0.888097179760877,0.7482099110559672,0.46020095492945295,0.7789414368041162,0.2118388518677755,0.5464839264750481,0.16737851202487947,nan,False,14018,0.5562698412698412
parcel_1777662294718_3mzv8,sentinel2_l2a\2025_05_06\train\intensif__parcel_1777662294718_3mzv8.tif,train,intensif,Kairouan,Kairouan__lat177_lng50,189.62078452448955,17,0.016028881072998047,0.0257585612613056,0.6222739271186144,0.0963658150689504,0.0001885650729889221,0.25516735947465435,0.4280163049697876,0.0739109143614769,0.699680507183075,0.12733370065689087,0.22675581574440004,0.4562293291091919,0.5750025510787964,-0.4837488532066345,-0.6690510511398315,-0.14498141407966614,0.09264413267374039,-0.5892529845237732,-0.5059045553207397,-0.34960294961929317,0.4280163049697876,0.0739109143614769,0.699680507183075,0.12733370065689087,0.22675581574440004,0.4562293291091919,0.5750025510787964,0.38195255398750305,0.0,0.8328008055686951,0.20847560465335846,0.044593019038438805,0.4270488917827606,0.6250042676925659,1.430562973022461,0.149409681558609,2.4134440422058105,0.4606933295726776,0.7024025440216065,1.5326377153396606,1.9623591899871826,3.684770254906379,0.7635559244598635,0.782683283216703,0.5531813107161699,0.8515386051981173,0.30606082504222076,2.5705935884492437,0.52710491335948,0.8515732578188312,0.5616894627635305,0.9184775086733475,0.31555722168270073,2.7920455382679297,0.6529876970126696,0.8092597657005873,0.5584901314131012,0.9436037663861948,0.3119551171576156,4.097049463230857,0.7450445355384873,0.807322553702512,0.5634245882996745,0.8628114790428989,0.31750540762854507,0.625769592821598,0.3482467353343963,nan,False,18959,0.45095380809666524
parcel_1777662316778_yiudt,sentinel2_l2a\2025_05_06\train\intensif__parcel_1777662316778_yiudt.tif,train,intensif,Kairouan,Kairouan__lat177_lng50,38.67454215888897,4,0.008540153503417969,0.00827074599759925,1.0325735436557864,0.02482366862465936,3.846551476271998e-05,0.7844214888883747,0.4239635169506073,0.005374417640268803,0.5685172080993652,0.06966764479875565,0.33831503987312317,0.4359220564365387,0.5004885792732239,-0.4843001067638397,-0.5747737884521484,0.0031971579883247614,0.05551827698945999,-0.5400196611881256,-0.4960874915122986,-0.42128416895866394,0.4239635169506073,0.005374417640268803,0.5685172080993652,0.06966764479875565,0.33831503987312317,0.4359220564365387,0.5004885792732239,0.37414348125457764,0.0,0.6141953468322754,0.11286535114049911,0.23052504658699036,0.39320340752601624,0.500814288854599,1.4159255027770996,0.0,1.9388952255249023,0.2519092857837677,1.1060237884521484,1.4591659903526306,1.6927676796913147,6.146332678275614,1.0563472205868387,0.7218097677824464,0.4684983549779941,0.7037400594962508,0.2195725354078772,5.875697202635211,0.8547884837874533,0.799603811560136,0.5052891403522368,0.7076559926777399,0.2554544744110261,2.9117538285199878,0.7655139887117891,0.7603283035860883,0.468106886529676,0.9504030220888979,0.21917992283811052,6.285281375773057,0.9627372932082475,0.7640027449363953,0.4920901931126308,0.6620543223289488,0.24224172476171207,0.5631427904590964,0.1621735394001007,nan,False,3866,0.526201170545801
parcel_1777662471199_933e1,sentinel2_l2a\2025_05_06\train\intensif__parcel_1777662471199_933e1.tif,train,intensif,Gafsa,Gafsa__lat173_lng44,81.67683945399635,20,0.013561248779296875,0.010718896417465373,1.2651721083151968,0.04134196101311767,8.040172915002586e-05,0.591143756159158,0.4559592604637146,0.1006479486823082,0.6416530609130859,0.10105524212121964,0.29779621958732605,0.47822944819927216,0.5565630495548248,-0.512359619140625,-0.6390382051467896,-0.2368932068347931,0.0690581351518631,-0.5801979303359985,-0.5273962318897247,-0.40612462162971497,0.4559592604637146,0.1006479486823082,0.6416530609130859,0.10105524212121964,0.29779621958732605,0.47822944819927216,0.5565630495548248,0.4292581081390381,0.0,0.7360884547233582,0.16071632504463196,0.16299369186162949,0.46371571719646454,0.5942717492580414,1.5316606760025024,0.24614429473876953,2.203500747680664,0.36561787128448486,0.9594267010688782,1.612234115600586,1.8956451416015625,6.0763671601643505,0.8679426009177582,0.8071634475815068,0.5551058358407692,0.6314733710936948,0.30826698166804045,5.472505710570664,0.7791009745427153,0.8290554040254406,0.5270711017491228,0.6752483531339579,0.27790944588056443,3.514127409888154,0.7682513205788392,0.7824204873761993,0.46257228417385776,0.9415726786641369,0.21401221321852792,7.0070483491554825,1.018877537143045,0.7666701859904633,0.47277813061755336,0.6866788524190388,0.22359375920669095,0.5410051122307777,0.2587668299674988,nan,False,8166,0.5444
parcel_1777662498867_hce6r,sentinel2_l2a\2025_05_06\train\intensif__parcel_1777662498867_hce6r.tif,train,intensif,Gafsa,Gafsa__lat173_lng44,58.29151952127791,11,0.011909008026123047,0.009582262981339795,1.2428179073475945,0.03275837364585257,5.737853396681203e-05,0.6719154809000772,0.5380616188049316,0.1111111119389534,0.8273026347160339,0.1169394925236702,0.34356075525283813,0.566332221031189,0.6586483120918274,-0.5663393139839172,-0.7897704243659973,-0.2500655949115753,0.07985232025384903,-0.6443940997123718,-0.5869002938270569,-0.4338066875934601,0.5380616188049316,0.1111111119389534,0.8273026347160339,0.1169394925236702,0.34356075525283813,0.566332221031189,0.6586483120918274,0.5642354488372803,0.0,1.0,0.1923454850912094,0.23926791548728943,0.6105536818504333,0.7644138336181641,1.828706979751587,0.2840000092983246,2.875180959701538,0.42308709025382996,1.1250027418136597,1.9309899806976318,2.2649896144866943,7.546057743155148,1.0587866438741067,0.7805022061542679,0.5604269883009599,0.5442662866729565,0.314259246774113,6.127373769325262,0.917511465876464,0.796363103884417,0.5415552781354711,0.6152771796042165,0.2934027009022666,5.143731115820656,0.9341533905914858,0.773924363366219,0.5054506447841308,0.9121333284888123,0.2555318230097963,8.396694973955332,1.1394647261849984,0.7710096066944072,0.5290037104843779,0.6219901863537789,0.2799457838209826,0.7161915227770805,0.31508755683898926,nan,False,5821,0.4945624468988955
parcel_1777662509830_ph4tb,sentinel2_l2a\2025_05_06\train\intensif__parcel_1777662509830_ph4tb.tif,train,intensif,Gafsa,Gafsa__lat173_lng44,8.74310119685055,4,0.008894205093383789,0.006320824545085202,1.4071273502283077,0.021853416705870352,8.605847398257538e-06,0.22644608190563253,0.44596412777900696,0.10831986367702484,0.6599674224853516,0.13395535945892334,0.2054630070924759,0.49825435876846313,0.5716946125030518,-0.5044126510620117,-0.6408076286315918,-0.2552577257156372,0.09313904494047165,-0.5911062955856323,-0.5415719151496887,-0.3359019160270691,0.44596412777900696,0.10831986367702484,0.6599674224853516,0.13395535945892334,0.2054630070924759,0.49825435876846313,0.5716946125030518,0.41609060764312744,0.0,0.7666123509407043,0.21023890376091003,0.009105006232857704,0.497090607881546,0.6194910407066345,1.4954982995986938,0.2739012837409973,2.2697620391845703,0.48465052247047424,0.625365138053894,1.6846842765808105,1.9503910541534424,4.213567105727659,0.5259371612762471,0.9088109329174447,0.8631450749882958,0.4049894040489779,0.7451914951789536,5.28982999189941,0.6461732532960752,0.8991356151349946,0.8394360594544118,0.5095730949988153,0.7047699621439205,2.8561599694359012,0.441883147101453,0.9089922436601321,0.838876811716512,0.9018457988348101,0.7037946950538714,5.648666745014026,0.6315757987762666,0.9006811463082031,0.84103563580656,0.4666940127348849,0.707457569581729,0.5516475588083267,0.36623160541057587,nan,False,871,0.1496049467536929
parcel_1777662532453_yoau8,sentinel2_l2a\2025_05_06\train\intensif__parcel_1777662532453_yoau8.tif,train,intensif,Gafsa,Gafsa__lat173_lng44,35.54726370316011,10,0.011211633682250977,0.007440664829410082,1.5068053647485513,0.029258845622477683,3.4988136661695535e-05,0.5135896974299516,0.45307162404060364,0.10983762890100479,0.7306122183799744,0.07599093019962311,0.3754379391670227,0.46547362208366394,0.5223367750644684,-0.5111145973205566,-0.6844494938850403,-0.24544179439544678,0.051318250596523285,-0.5540127098560333,-0.5208053886890411,-0.45793623328208927,0.45307162404060364,0.10983762890100479,0.7306122183799744,0.07599093019962311,0.3754379391670227,0.46547362208366394,0.5223367750644684,0.42311254143714905,0.0,0.8843536972999573,0.12165703624486923,0.292396554350853,0.4424559772014618,0.5372279584407806,1.521213173866272,0.2793925404548645,2.525355100631714,0.27493518590927124,1.24033442735672,1.566083550453186,1.771814453601837,5.143450962581573,0.7600175411756884,0.8171521382147323,0.6175177238506817,0.47170238852456753,0.38146599228672695,5.766118364214048,0.7440932343225426,0.8540102415369218,0.5983539116318655,0.5750642214400695,0.3581302295158221,2.7709855978168507,0.6218128241942396,0.8173636321412007,0.5817315100981881,0.9481145349699127,0.33845968008282645,5.354873888960675,0.8099326630968885,0.8032676595111985,0.5829342750507582,0.6128118738291085,0.3398843865039324,0.6207745894789696,0.14689883589744568,nan,False,3550,0.4112604263206673
parcel_1777662559509_oh30t,sentinel2_l2a\2025_05_06\train\intensif__parcel_1777662559509_oh30t.tif,train,intensif,Gafsa,Gafsa__lat173_lng44,27.05542478094186,27,0.008164644241333008,0.008260749943559631,0.9883659833691552,0.02578980693879904,2.662923535012851e-05,0.5031209223884334,0.39012831449508667,0.08130762726068497,0.5733833909034729,0.0883093848824501,0.24534193277359012,0.411336213350296,0.4728308737277985,-0.4644147753715515,-0.5945219993591309,-0.23268036544322968,0.06228328123688698,-0.5213932037353516,-0.47952306270599365,-0.3653134644031525,0.39012831449508667,0.08130762726068497,0.5733833909034729,0.0883093848824501,0.24534193277359012,0.411336213350296,0.4728308737277985,0.32249870896339417,0.0,0.6223056316375732,0.13211971521377563,0.07556988149881368,0.35222700238227844,0.4547180712223053,1.2934843301773071,0.17617100477218628,1.9565010070800781,0.3195033669471741,0.7696471452713014,1.3702143430709839,1.592702078819275,5.194835597960598,0.7711491704599959,0.8276912135622015,0.6368056029673062,0.5608325427719398,0.4056503601654021,6.371245746681352,0.8402966395669569,0.8409001380606828,0.6269123320894809,0.6288068553732818,0.3931138812972197,3.5293296350821555,0.7208578763481603,0.8071168296494702,0.6067194056118824,0.93598434517136,0.36815688578377304,5.851782620668121,0.8825917920113133,0.7984219871876885,0.6106719743560385,0.653529404714434,0.3729996505862814,0.49207576364278793,0.22748894095420835,nan,False,2705,0.38271080928126766
parcel_1777662581023_xa3jy,sentinel2_l2a\2025_05_06\train\intensif__parcel_1777662581023_xa3jy.tif,train,intensif,Gafsa,Gafsa__lat173_lng44,33.253440495313846,18,0.00860452651977539,0.0063919193260773,1.3461569335944608,0.02333405059794663,3.2728387338920584e-05,0.7553603770469864,0.39400482177734375,0.0975298136472702,0.5873544216156006,0.09742303937673569,0.22853059619665148,0.4098023474216461,0.4973581373691559,-0.4757215082645416,-0.6020151376724243,-0.22021326422691345,0.06645947694778442,-0.5420698463916779,-0.4883665442466736,-0.3658580809831618,0.39400482177734375,0.0975298136472702,0.5873544216156006,0.09742303937673569,0.22853059619665148,0.4098023474216461,0.4973581373691559,0.32849037647247314,0.0,0.6455907225608826,0.15013347566127777,0.04755098745226861,0.34967055916786194,0.4955968886613846,1.307509422302246,0.23486286401748657,2.0070483684539795,0.352476567029953,0.7088237047195435,1.364664912223816,1.6814417481422426,5.498147777503583,0.9933855392738158,0.7511194528343945,0.4988772088553156,0.6785254580962438,0.24911929181799286,7.544749271157522,1.1388484186770698,0.7678041901242076,0.4692093868085645,0.7091856521849091,0.22033038744051614,4.806961605091615,1.009004546999622,0.7264005744826749,0.41376358925968754,0.9189059337416657,0.1713412821925494,6.598399436443843,1.1329722080567541,0.7240486528778409,0.4333886646202857,0.7435574217449156,0.1879413617763715,0.4898246079683304,0.2688275411725044,nan,False,3324,0.5770833333333333
parcel_1777662650200_lx0g1,sentinel2_l2a\2025_05_06\train\intensif__parcel_1777662650200_lx0g1.tif,train,intensif,Gafsa,Gafsa__lat173_lng44,402.06179939179646,79,0.030641555786132812,0.029049072638301254,1.054820447029757,0.16001530580783593,0.0003953693710911921,0.1940393603089523,0.39855003356933594,0.038726791739463806,0.7361530661582947,0.08966882526874542,0.2895725518465042,0.40388306975364685,0.4992125928401947,-0.4946689009666443,-0.7101879119873047,0.09593246132135391,0.0662943422794342,-0.5662607789039612,-0.5016114115715027,-0.41283310651779176,0.39855003356933594,0.038726791739463806,0.7361530661582947,0.08966882526874542,0.2895725518465042,0.40388306975364685,0.4992125928401947,0.3343794643878937,0.0,0.8935884237289429,0.14000186324119568,0.14928758144378662,0.33980509638786316,0.49868759512901306,1.3239538669586182,0.022113531827926636,2.5454018115997314,0.32442179322242737,0.9296734571456909,1.343248963356018,1.6881511211395264,2.894202209093802,0.5788237454737591,0.8244512298319329,0.5632856628676582,0.9021396935864046,0.31730504020383,3.038008237888574,0.5237510387542404,0.8584772289495977,0.5694872872778869,0.8454394792580511,0.3243453727810637,1.9470000986851046,0.5489531445731273,0.8227846809947662,0.5645653713774936,0.9549025633611272,0.318746045351993,3.7094750097578197,0.6730376495911925,0.8176527322056708,0.565997105437364,0.8287218927332545,0.3203726262907669,0.6974262744188309,0.2096400409936905,nan,False,40180,0.44132507359079126
parcel_1777662674673_x7v1z,sentinel2_l2a\2025_05_06\train\intensif__parcel_1777662674673_x7v1z.tif,train,intensif,Gafsa,Gafsa__lat173_lng44,177.95771135487206,9,0.014505386352539062,0.023090408851729194,0.6281996323964087,0.059657043505374596,0.00017494662569106367,0.6177204525933425,0.4753260612487793,0.07881075888872147,0.873955249786377,0.18433593213558197,0.26744245886802676,0.44543612003326416,0.7656788349151611,-0.5263604521751404,-0.7814304828643799,-0.18691588938236237,0.11606363952159882,-0.7086417019367218,-0.5075832307338715,-0.39946696162223816,0.4753260612487793,0.07881075888872147,0.873955249786377,0.18433593213558197,0.26744245886802676,0.44543612003326416,0.7656788349151611,0.45569944381713867,0.0,1.0,0.2998442053794861,0.11240408569574356,0.40906018018722534,0.9427980363368988,1.6017295122146606,0.16713732481002808,3.0439701080322266,0.6669273972511292,0.8496068596839905,1.4935879111289978,2.652225923538208,3.2651202224960842,0.757619129129906,0.7637552588549803,0.48705392561396105,0.9112751402683907,0.23725815607294432,2.938241096789973,0.5086950133024248,0.8548518072531869,0.505754803979775,0.9292582466238261,0.25582969993634264,1.4984012313325514,0.5028330404394376,0.8201412160479626,0.5110763264577769,0.9587354903185157,0.26123605758932633,3.7041480799519166,0.6795293223798102,0.80431865750818,0.5023772438953127,0.9320647721943636,0.2524148510700866,0.7951444908976555,0.49823637604713433,nan,False,17782,0.5163482199895464
parcel_1777662687780_8zuuk,sentinel2_l2a\2025_05_06\train\intensif__parcel_1777662687780_8zuuk.tif,train,intensif,Gafsa,Gafsa__lat173_lng44,32.665823337753025,4,0.008840560913085938,0.009180044587090208,0.9630193872389593,0.025737267994006184,3.2111864896933184e-05,0.6091868254238288,0.4934285581111908,0.1344241201877594,0.7346393465995789,0.07050357758998871,0.41499831080436705,0.4968792498111725,0.5712894916534424,-0.5444217920303345,-0.6917064785957336,-0.264242023229599,0.04667893797159195,-0.5948903620243072,-0.5481492877006531,-0.4928308367729186,0.4934285581111908,0.1344241201877594,0.7346393465995789,0.07050357758998871,0.41499831080436705,0.4968792498111725,0.5712894916534424,0.48920172452926636,0.0,0.8910655379295349,0.11681005358695984,0.3583304941654205,0.4947987049818039,0.6188158333301544,1.667224407196045,0.3683464825153351,2.5399250984191895,0.2550819516181946,1.3834638237953185,1.6797091364860535,1.9489254713058473,5.360712079989778,0.9488194392927085,0.7584538125403769,0.6016105970815242,0.8603854435838043,0.3619886944009354,5.446199386447812,0.774123749047132,0.8305893309064399,0.6206484115686925,0.7110204121552737,0.3852938976694357,3.2125356775943827,0.6845304460205646,0.8049520081133064,0.6029014565659423,0.9301209046759731,0.36353905254193086,5.114634649684423,0.8216806196874151,0.7967753516113778,0.604374259743283,0.7470016121364706,0.36532382820445863,0.6002152264118195,0.1562911808490754,nan,False,3264,0.3864551266871892
parcel_1777662715410_fr6g1,sentinel2_l2a\2025_05_06\train\intensif__parcel_1777662715410_fr6g1.tif,train,intensif,Gafsa,Gafsa__lat173_lng44,128.78852899505316,25,0.023474693298339844,0.015538462668786224,1.5107474786097068,0.07582063017911156,0.00012657894208700782,0.27669196410377017,0.47166708111763,0.06855791807174683,0.7449131608009338,0.12138630449771881,0.2581518650054932,0.5078834295272827,0.5830394625663757,-0.5285009741783142,-0.7126156687736511,-0.20533333718776703,0.08420035988092422,-0.6014917492866516,-0.554575502872467,-0.3843620538711548,0.47166708111763,0.06855791807174683,0.7449131608009338,0.12138630449771881,0.2581518650054932,0.5078834295272827,0.5830394625663757,0.45832180976867676,0.0,0.9081885814666748,0.1878528594970703,0.09691976755857469,0.5131390690803528,0.638399088382721,1.588491439819336,0.13004255294799805,2.5770957469940186,0.43917563557624817,0.8159934282302856,1.71952223777771,1.9914368629455568,3.079390101264975,0.5389312669923546,0.8615069808373066,0.6725958057031336,0.7628054102103315,0.45241275047338103,3.6451375870616003,0.5354387970804521,0.8835880283943348,0.6813146185329644,0.7372567315335214,0.4642215346160653,2.4551780028647325,0.5131086243921557,0.8609356008454743,0.6586701179030248,0.9540652874868246,0.43386922495995506,4.206050724272719,0.6283276142320539,0.8599624657099849,0.670684578015877,0.7349999771648222,0.44984378586238394,0.676355242729187,0.32488759756088254,nan,False,12863,0.344225005352173
parcel_1777663020929_sz60j,sentinel2_l2a\2025_05_06\train\intensif__parcel_1777663020929_sz60j.tif,train,intensif,Gabes,Gabes__lat168_lng49,13.15039699051966,5,0.004216432571411133,0.010406033603096887,0.40519113547320296,0.02312748904389871,1.2785854124786056e-05,0.3003880429622893,0.3819390535354614,0.13139624893665314,0.6397515535354614,0.09009324759244919,0.26939742267131805,0.37815752625465393,0.5186245441436768,-0.48833030462265015,-0.6387984156608582,-0.30777233839035034,0.056441277265548706,-0.5633423030376434,-0.48927879333496094,-0.4123141020536423,0.3819390535354614,0.13139624893665314,0.6397515535354614,0.09009324759244919,0.26939742267131805,0.37815752625465393,0.5186245441436768,0.30426210165023804,0.0,0.7329192757606506,0.1478451043367386,0.1156623624265194,0.29692918062210083,0.5310409069061279,1.2638553380966187,0.3573916256427765,2.1966211795806885,0.32595738768577576,0.8566798567771912,1.2501739263534546,1.7583836317062378,5.367818210275611,0.8448445697753243,0.8073565879121601,0.6982831422289979,0.7324860189861044,0.4878192251600412,5.8767757692726,0.7799506901561816,0.8493018318612301,0.7046209913551518,0.7774274856528713,0.4967167146069408,2.926112497330262,0.660037094522997,0.8224747923118658,0.699194854652784,0.8931549904898456,0.4890576563812448,6.903280784329505,0.9682853865355272,0.8080029753007365,0.700434081501361,0.6994612334866694,0.4908163178381516,0.5083553045988083,0.2492271214723587,nan,False,1316,0.2767031118587048
parcel_1777666990655_5k85g,sentinel2_l2a\2025_05_06\train\intensif__parcel_1777666990655_5k85g.tif,train,intensif,Kairouan,Kairouan__lat177_lng50,84.43366113371383,27,0.01268148422241211,0.01443694126466255,0.8784051960821305,0.05073733787304401,8.393859869215703e-05,0.4097474179385469,0.3910006880760193,0.12740306556224823,0.565625011920929,0.06737332791090012,0.29322829842567444,0.40632979571819305,0.46514710783958435,-0.46010690927505493,-0.5693877339363098,-0.2113606333732605,0.05248558521270752,-0.5158108115196228,-0.4732036590576172,-0.3819697052240371,0.3910006880760193,0.12740306556224823,0.565625011920929,0.06737332791090012,0.29322829842567444,0.40632979571819305,0.46514710783958435,0.3185291588306427,0.0,0.609375,0.11168377101421356,0.15538049191236497,0.3438829779624939,0.4419117867946625,1.2966406345367432,0.34294429421424866,1.9284312725067139,0.24375668168067932,0.9428999900817872,1.3521011471748352,1.5649021863937378,2.5161184970325703,0.5916321764250038,0.8092568217272926,0.5604174540083425,0.9196380376533029,0.3141236855033964,3.305312933315364,0.6105331172336024,0.8349158667937562,0.5560957285005248,0.8764517899204556,0.30929558818487757,3.459070378977044,0.845593997745321,0.7548212466787476,0.5388799300692065,0.930038916284288,0.29042423125939015,6.244514122149709,1.0547588989885488,0.7442787978007686,0.5425702327978408,0.7641565971542232,0.29442951170508425,0.4382219463586807,0.1719188094139099,nan,False,8442,0.45595463137996217
parcel_1777667140912_3xckb,sentinel2_l2a\2025_05_06\train\intensif__parcel_1777667140912_3xckb.tif,train,intensif,Gabes,Gabes__lat171_lng49,294.60529504069433,30,0.022187232971191406,0.02306381075392494,0.9619933673543363,0.09351408543500317,0.0002886260144805419,0.4147546604885272,0.1848321408033371,-0.01507882121950388,0.5486792325973511,0.05271679908037186,0.11288957297801971,0.1828640177845955,0.25415802001953125,-0.3213418424129486,-0.5712097883224487,0.2163265347480774,0.056977663189172745,-0.3935427814722061,-0.3238161951303482,-0.24472999572753906,0.1848321408033371,-0.01507882121950388,0.5486792325973511,0.05271679908037186,0.11288957297801971,0.1828640177845955,0.25415802001953125,0.02430720068514347,0.0,0.5811320543289185,0.04616532847285271,0.0,0.0,0.09026335924863815,0.5507331490516663,0.0,1.8671214580535889,0.19069477915763855,0.29043447971343994,0.5436020493507385,0.8015437126159668,2.6996151578955008,0.7693785262432152,0.7464685068179182,0.45836769700489477,0.9268889378803262,0.2101296667645498,2.680431574961153,0.589318750465901,0.8165260558034253,0.45731665348893924,0.9324769900445309,0.20918394141326532,1.7764350440395962,0.6509418590814336,0.7624258692218268,0.4685184425407513,0.9481821870241905,0.21953239499802374,3.861864859598412,0.8697964227975556,0.7325739632383192,0.44766862819365993,0.9070166760195318,0.20043132930747654,0.563758053816855,0.14126844704151154,nan,False,29436,0.55655133295519
parcel_1777667155941_ci6fx,sentinel2_l2a\2025_05_06\train\intensif__parcel_1777667155941_ci6fx.tif,train,intensif,Gabes,Gabes__lat171_lng49,46.166828108993165,8,0.009784698486329901,0.008363097355726268,1.1699850031795043,0.030232474342975123,4.5218829427540186e-05,0.6217013260778436,0.25918757915496826,0.08055152744054794,0.438217431306839,0.0472077913582325,0.1968920260667801,0.26530611515045166,0.3101333498954773,-0.3818197548389435,-0.5412445664405823,-0.18692706525325775,0.048528801649808884,-0.4405294120311737,-0.3859184682369232,-0.3187173128128052,0.25918757915496826,0.08055152744054794,0.438217431306839,0.0472077913582325,0.1968920260667801,0.26530611515045166,0.3101333498954773,0.10612767934799194,0.0,0.3970290422439575,0.062419481575489044,0.0,0.10884351283311844,0.18355557322502136,0.8197407126426697,0.17343541979789734,1.467470645904541,0.17079778015613556,0.5943553924560547,0.8418775796890259,1.0040624618530274,5.228980367503802,1.1531805321180186,0.6759698056193539,0.4529519077584703,0.8494717832627299,0.20523786583070378,6.093155202402219,0.9484450560479554,0.766502248596308,0.45726591400227035,0.7855011097509279,0.20918370612557902,4.009950295865812,1.002625438728325,0.7021061834454206,0.45676076872214577,0.9201353291184701,0.20867227474029704,7.186070249158672,1.2954991579306638,0.6694391366790593,0.4502288291922235,0.7628060330020414,0.20276831721805794,0.35766590386629105,0.1132413238286972,nan,False,4613,0.5392798690671031
parcel_1777667189888_bwda5,sentinel2_l2a\2025_05_06\train\intensif__parcel_1777667189888_bwda5.tif,train,intensif,Gabes,Gabes__lat171_lng49,105.58105517579072,22,0.01574993133544922,0.015095136356656269,1.043377877703252,0.056446650260207794,0.00010342059064782916,0.4078876244824803,0.2300553023815155,0.03319837898015976,0.4879518151283264,0.04988263174891472,0.1706892341375351,0.23356008529663086,0.28560765385627745,-0.3649698495864868,-0.5571315884590149,-0.05707196146249771,0.049027372151613235,-0.41994304656982423,-0.3693583011627197,-0.30442469120025634,0.2300553023815155,0.03319837898015976,0.4879518151283264,0.04988263174891472,0.1706892341375351,0.23356008529663086,0.28560765385627745,0.06394217163324356,0.0,0.4799197018146515,0.06218304857611656,0.0,0.05593346804380417,0.14267941415309904,0.7143400311470032,0.0021117329597473145,1.6474096775054932,0.1804753541946411,0.49955366253852845,0.7270203828811646,0.9153285026550293,3.7324536403051325,0.8108881243503999,0.763563626060026,0.5712790000507169,0.8962110306158476,0.32638445391824106,3.9935153200734246,0.6686179278007043,0.8253228430803896,0.5713028112764915,0.8287525649794698,0.3264265183325009,2.3610315508798387,0.6693658700996381,0.7856057051932697,0.5688165896400419,0.9381496876000726,0.32356993072441864,4.591555717358636,0.8654329163649888,0.7629893100620688,0.5638426394313927,0.8323779387497984,0.3179438164515299,0.45475343614816666,0.11491841971874237,nan,False,10547,0.4304019587839216
parcel_1777666032243_cm5hf,sentinel2_l2a\2025_05_06\val\extensif__parcel_1777666032243_cm5hf.tif,val,extensif,Sfax,Sfax__lat174_lng51,2104.0940821600525,17,0.07844924926757812,0.05006173125907054,1.5670502656330754,0.21993688046778603,0.002077346564448135,0.539663068525943,0.1345357745885849,0.02850736677646637,0.5369545817375183,0.023340431973338127,0.1088172048330307,0.1304974928498268,0.16500288993120193,-0.3491625487804413,-0.608199417591095,-0.08684123307466507,0.020991161465644836,-0.3747774511575699,-0.34886379539966583,-0.3250294178724289,0.1345357745885849,0.02850736677646637,0.5369545817375183,0.023340431973338127,0.1088172048330307,0.1304974928498268,0.16500288993120193,0.0004698283155448735,0.0,0.5615909695625305,0.006509440951049328,0.0,0.0,0.0,0.36875051259994507,0.0,1.8247016668319702,0.08444537222385406,0.2757006585597992,0.35413993895053864,0.4789804518222809,1.9471942291890183,0.6831256570648683,0.7540053882104915,0.4827024465149481,0.9614739848437817,0.23300533869144635,0.858797022615295,0.3436503371646281,0.8676795800009496,0.49002177551997145,0.9833696686521931,0.24013375382406493,7.46641385458054,1.5351922398557254,0.6281191147927994,0.4793506630081625,0.7131418461099659,0.22978393033250802,6.468069046462058,1.4128031943705586,0.6386158102436305,0.4741486203533062,0.8259414566025134,0.22481837600765547,0.5084472149610519,0.056185685098171234,nan,False,210296,0.5270972754843722
parcel_1777666485645_8qagw,sentinel2_l2a\2025_05_06\val\extensif__parcel_1777666485645_8qagw.tif,val,extensif,Sfax,Sfax__lat174_lng51,990.7245079752144,9,0.04673480987548828,0.041984770851023256,1.113137190657056,0.13446235120017688,0.0009779422131259707,0.6797068628591931,0.14333364367485046,0.0398598350584507,0.3802928328514099,0.026744287461042404,0.11707206070423126,0.1377672255039215,0.17581583559513092,-0.35012274980545044,-0.5036185383796692,-0.068406842648983,0.02828490361571312,-0.3809119164943695,-0.3530322313308716,-0.3128555119037628,0.14333364367485046,0.0398598350584507,0.3802928328514099,0.026744287461042404,0.11707206070423126,0.1377672255039215,0.17581583559513092,0.0019013758283108473,0.0,0.30048802495002747,0.012900805100798607,0.0,0.0,0.0,0.4005810618400574,0.026212885975837708,1.2578994035720825,0.0967608392238617,0.3055667281150818,0.380441814661026,0.518101692199707,1.5220157214625618,0.5306102297516161,0.8052311297796544,0.5121779437802525,0.9727798722813044,0.2623312021178892,0.9598901335096659,0.36262999991043354,0.8635686909601079,0.5159218214298258,0.9827435234502271,0.26618813649734413,3.1494250725161086,0.9130827251871942,0.7113534383700841,0.5122851675444184,0.8398565998600678,0.26244201808137246,2.1275611330752153,0.7367827248603264,0.7401450588743477,0.5083916339834911,0.9329380615597933,0.2584651373808776,0.3404329977929592,0.05874377489089966,nan,False,99021,0.4988061415704528
parcel_1777666507054_wo1vk,sentinel2_l2a\2025_05_06\val\extensif__parcel_1777666507054_wo1vk.tif,val,extensif,Sfax,Sfax__lat174_lng51,778.7330248700009,14,0.04231452941894531,0.03959925443693635,1.0685688410203067,0.14045467517736585,0.0007685816254365818,0.4895842771453328,0.14035697281360626,0.07815174013376236,0.34296029806137085,0.023534011095762253,0.11702127754688263,0.13584575057029724,0.16781110763549809,-0.3597656190395355,-0.47421565651893616,-0.1764705926179886,0.02023785188794136,-0.38379752039909365,-0.3588831126689911,-0.3363811790943146,0.14035697281360626,0.07815174013376236,0.34296029806137085,0.023534011095762253,0.11702127754688263,0.13584575057029724,0.16781110763549809,0.0012341155670583248,0.0,0.23826715350151062,0.010162818245589733,0.0,0.0,0.0,0.389811635017395,0.1647529900074005,1.1228303909301758,0.08514605462551117,0.30538299679756165,0.3734899163246155,0.48914061188697827,1.5434349606985143,0.47709291913103,0.829255273929824,0.5518883200383421,0.9774153922141743,0.3045859916244215,1.0086700503541968,0.3165698088318688,0.8858436475169509,0.5555883092824501,0.9844948290665141,0.30869076274678836,3.524084119949487,0.9575996383869471,0.7124814953067904,0.5453049706191972,0.809083522554448,0.29736511736097504,3.4451537588854833,0.9159615670013064,0.720323057540667,0.544076426699792,0.9105831244625222,0.2960220165842882,0.2648085579276085,0.050789830088615456,nan,False,77835,0.4594746162927981
parcel_1777666529889_rdkq2,sentinel2_l2a\2025_05_06\val\extensif__parcel_1777666529889_rdkq2.tif,val,extensif,Sfax,Sfax__lat174_lng51,1078.2700727821218,9,0.05862236022949219,0.03775802772641157,1.5525800408395303,0.15790615433195865,0.0010645688738293302,0.5365195039977285,0.1498378962278366,0.05974705517292023,0.3680533468723297,0.032463204115629196,0.11445173919200897,0.14351637661457062,0.19585250914096833,-0.35864371061325073,-0.49056604504585266,-0.14191728830337524,0.02637779898941517,-0.392566853761673,-0.35738563537597656,-0.32759294509887693,0.1498378962278366,0.05974705517292023,0.3680533468723297,0.032463204115629196,0.11445173919200897,0.14351637661457062,0.19585250914096833,0.003241295460611582,0.0,0.2800889015197754,0.01463410910218954,0.0,0.0,0.0,0.42411357164382935,0.09816484153270721,1.213616967201233,0.11745186895132065,0.29608638882637023,0.4012422263622284,0.5905944347381592,1.505427360569145,0.5005577866489028,0.8170640008828916,0.5256891645488437,0.9699549720022578,0.2763533459607931,0.8270771198167153,0.2845317319778855,0.8920315396632688,0.5317789956747688,0.9831194881248666,0.2827986723185164,2.6217855050974883,0.8299920548911875,0.7276582846944839,0.5300802717395574,0.893114955300037,0.28099846072998924,2.7509847795954356,0.8170549756219176,0.7320384037902414,0.5235948958406365,0.931909505556819,0.274154227490036,0.3083062916994095,0.08140076994895935,nan,False,107777,0.4828459043420605
parcel_1777667281825_3deuj,sentinel2_l2a\2025_05_06\val\intensif__parcel_1777667281825_3deuj.tif,val,intensif,Beja,Beja__lat182_lng46,72.88069155529948,37,0.018035173416137695,0.0068091611025025145,2.6486630503586377,0.04727463718747627,7.33721882397731e-05,0.4125579178988197,0.5764344930648804,0.20224209129810333,0.8336755633354187,0.09881985187530518,0.46356169879436493,0.5659199655056,0.7316896021366119,-0.5973128080368042,-0.7348814606666565,-0.2942195236682892,0.05656940117478371,-0.6702663600444794,-0.597252368927002,-0.5312620401382446,0.5764344930648804,0.20224209129810333,0.8336755633354187,0.09881985187530518,0.46356169879436493,0.5659199655056,0.7316896021366119,0.6273057460784912,0.003736813785508275,1.0,0.16449891030788422,0.4392694681882858,0.609866589307785,0.8861493170261383,1.9675400257110596,0.6137118339538574,2.898238182067871,0.35753026604652405,1.5591662526130676,1.9294984340667725,2.5292528867721558,3.120211621896882,0.7531222987555565,0.772394144970032,0.411724198807679,0.8880332205672894,0.16958676672279643,5.178109857577324,0.8860880495528483,0.7689718452119123,0.41480039179994066,0.8453481507667586,0.17219411739159687,3.3480086980718227,0.8800645905393133,0.7318097081081079,0.40745902519316224,0.913889224578994,0.16608624593112206,6.548884928923555,1.1362456970603643,0.7139911293804251,0.4161706673110364,0.7915343023422763,0.17330130618779516,0.6314334720373154,0.268127903342247,nan,False,7296,0.588957055214724
parcel_1777667302238_zjnhu,sentinel2_l2a\2025_05_06\val\intensif__parcel_1777667302238_zjnhu.tif,val,intensif,Beja,Beja__lat182_lng46,18.077181996645837,20,0.0072634220123291016,0.004119796094158801,1.7630537643907789,0.022339631603250493,1.8199888216940963e-05,0.4582754268293009,0.37239840626716614,0.21068459749221802,0.546483039855957,0.04677853360772133,0.315207713842392,0.37054280936717987,0.42833806574344635,-0.4919673502445221,-0.5983731746673584,-0.33229511976242065,0.03795769438147545,-0.5388920783996582,-0.4945082366466522,-0.4441612035036087,0.37239840626716614,0.21068459749221802,0.546483039855957,0.04677853360772133,0.315207713842392,0.37054280936717987,0.42833806574344635,0.28733065724372864,0.01780765689909458,0.5774717330932617,0.07796421647071838,0.19201284199953078,0.2842379957437515,0.380563423037529,1.2293373346328735,0.6442568302154541,1.859175682067871,0.16924473643302917,1.0224215269088746,1.222623884677887,1.4317270755767824,5.431505022356593,1.14282699327399,0.6747759951650227,0.39674941760166416,0.8403267927955569,0.15752949823376036,7.101584018558676,1.1842676602769242,0.7181777123579729,0.393264504812019,0.7894869243937315,0.15486404524293923,5.155819478612685,1.1208234550737877,0.6852564584158543,0.39393181515426606,0.8318416468029892,0.15532340447122844,8.429766088725167,1.3905104167003592,0.6654446805976377,0.39134526271519643,0.7418246675411002,0.1532801248570681,0.335798442363739,0.11313035190105436,nan,False,1802,0.5809155383623469
parcel_1777667330430_52762,sentinel2_l2a\2025_05_06\val\intensif__parcel_1777667330430_52762.tif,val,intensif,Beja,Beja__lat182_lng46,45.633484593938114,23,0.009441375732421875,0.008248805640391765,1.144574880779161,0.030780075562058647,4.594035485183667e-05,0.6093472369255598,0.47765907645225525,0.20861899852752686,0.6509837508201599,0.07023826241493225,0.38301976919174197,0.4817444086074829,0.564160144329071,-0.5542636513710022,-0.6635058522224426,-0.3364620804786682,0.048475608229637146,-0.6125046730041503,-0.5582627058029175,-0.49297168254852297,0.47765907645225525,0.20861899852752686,0.6509837508201599,0.07023826241493225,0.38301976919174197,0.4817444086074829,0.564160144329071,0.462765097618103,0.014364992268383503,0.7516395449638367,0.11706377565860748,0.30503292083740235,0.4695740044116974,0.6069335937499999,1.610170602798462,0.6367835998535156,2.2372591495513916,0.2541220188140869,1.267765498161316,1.6249512434005737,1.9231314182281494,5.654836744512316,1.021405328470994,0.7214020952752868,0.4189168924149598,0.8426830257902806,0.1755719916446184,5.4853609558086305,0.9035780315067556,0.7751444658559419,0.42651159213542733,0.8415641229451185,0.18202508396488726,4.220858978478767,0.9893440426263849,0.7181848707369878,0.4108610675799874,0.9093525652506479,0.16886502088559835,7.492764557168388,1.235587188914128,0.7063714568354627,0.4190949108475755,0.7511950541561723,0.17571967389853257,0.44236475229263306,0.18114037513732906,nan,False,4559,0.5829923273657289
