dataset,record_id,label,group,blue_max,blue_mean,blue_min,blue_p10,blue_p90,blue_std,bsi_max,bsi_mean,bsi_min,bsi_p10,bsi_p90,bsi_std,canopy_fraction_ndvi_035,canopy_fraction_ndvi_05,green_max,green_mean,green_min,green_p10,green_p90,green_std,mask_pixel_count,ndmi_max,ndmi_mean,ndmi_min,ndmi_p10,ndmi_p90,ndmi_std,ndvi_glcm_contrast,ndvi_glcm_correlation,ndvi_glcm_dissimilarity,ndvi_glcm_energy,ndvi_glcm_homogeneity,ndvi_max,ndvi_mean,ndvi_min,ndvi_p10,ndvi_p90,ndvi_std,ndwi_max,ndwi_mean,ndwi_min,ndwi_p10,ndwi_p90,ndwi_std,nir_glcm_contrast,nir_glcm_correlation,nir_glcm_dissimilarity,nir_glcm_energy,nir_glcm_homogeneity,nir_max,nir_mean,nir_min,nir_p10,nir_p90,nir_std,parcel_area_ha,red_max,red_mean,red_min,red_p10,red_p90,red_std,swir1_max,swir1_mean,swir1_min,swir1_p10,swir1_p90,swir1_std
train,parcel_1777662049508_exj14,intensif,Zaghouan__lat182_lng50,0.14259999990463257,0.06869536638259888,0.04320000112056732,0.05810000002384186,0.08320000022649765,0.011429136618971825,0.2627919912338257,0.08935515582561493,-0.03169069066643715,0.055524323135614395,0.13694392144680023,0.0348518043756485,0.8534377813339233,0.014993920922279358,0.17880000174045563,0.1009950190782547,0.0754999965429306,0.08810000121593475,0.11810000240802765,0.013133958913385868,7403.0,0.1084427684545517,-0.03126833587884903,-0.2443247139453888,-0.08743417263031006,0.009293652139604092,0.04210459440946579,105.99058532714844,0.5659945011138916,4.241511344909668,0.5651700496673584,0.640809953212738,0.5666931867599487,0.41362249851226807,0.1440291404724121,0.3276148736476898,0.4745892286300659,0.06606046855449677,-0.20700781047344208,-0.4864431619644165,-0.5940361022949219,-0.5413187742233276,-0.4133757948875427,0.05812855809926987,6.973245620727539,0.5534269213676453,1.1335272789001465,0.5871127843856812,0.7356301546096802,0.32600000500679016,0.29205846786499023,0.1964000016450882,0.2685999870300293,0.3077999949455261,0.016373103484511375,74.01180267333984,0.2134999930858612,0.12133289128541946,0.08169999718666077,0.10580000281333923,0.14339999854564667,0.015975551679730415,0.44609999656677246,0.3108079433441162,0.23759999871253967,0.2946999967098236,0.33160001039505005,0.015177223831415176
train,parcel_1777662108262_dhxlg,intensif,Zaghouan__lat182_lng50,0.3723999857902527,0.05131573602557182,0.03539999946951866,0.04399999976158142,0.06030000001192093,0.010401804000139236,0.34504568576812744,0.016153937205672264,-0.1253635734319687,-0.03954073414206505,0.07587224245071411,0.048869140446186066,0.9595588445663452,0.7467560768127441,0.4032000005245209,0.07900462299585342,0.05979999899864197,0.07010000199079514,0.08959999680519104,0.012200855650007725,36992.0,0.19825631380081177,0.04980090260505676,-0.44302046298980713,-0.01507860142737627,0.11001446098089218,0.05350489914417267,144.67263793945312,0.6014935374259949,5.190011024475098,0.45977044105529785,0.555720865726471,0.6948176622390747,0.5207673907279968,-0.007209069561213255,0.43732067942619324,0.5868638753890991,0.07168690860271454,0.07094917446374893,-0.5679304599761963,-0.6678561568260193,-0.6146495938301086,-0.5069007873535156,0.05488749220967293,5.080704689025879,0.6801880598068237,1.0293198823928833,0.4763675630092621,0.7059640884399414,0.4221999943256378,0.28642386198043823,0.07100000232458115,0.26919999718666077,0.30410000681877136,0.015126614831387997,370.1021423339844,0.40799999237060547,0.09056936949491501,0.05779999867081642,0.0771000012755394,0.10719999670982361,0.017049893736839294,0.4537999927997589,0.25951072573661804,0.1404000073671341,0.2387000024318695,0.2824000120162964,0.019657302647829056
train,parcel_1777662148660_qey6r,intensif,Zaghouan__lat182_lng50,0.2198999971151352,0.05591326951980591,0.03629999980330467,0.04639999940991402,0.06759999692440033,0.011974111199378967,0.2371198534965515,0.061640989035367966,-0.05884207412600517,0.014087904244661331,0.11364796757698059,0.03977639228105545,0.9233842492103577,0.34291625022888184,0.3147999942302704,0.08602724224328995,0.05900000035762787,0.07440000027418137,0.10159999877214432,0.015419933944940567,14018.0,0.12834122776985168,0.003829964669421315,-0.21095119416713715,-0.05119164660573006,0.05471005290746689,0.04311392828822136,140.96592712402344,0.6430450081825256,5.69428825378418,0.41865459084510803,0.5079107880592346,0.6262295246124268,0.4618593454360962,0.07974559813737869,0.3681141138076782,0.5354925990104675,0.07235658913850784,-0.1674160361289978,-0.5279821753501892,-0.6483908891677856,-0.5802785754203796,-0.4597640633583069,0.055680543184280396,4.638863563537598,0.5875384211540222,1.0076024532318115,0.45051494240760803,0.6929288506507874,0.4413999915122986,0.2769349217414856,0.21289999783039093,0.26409998536109924,0.28940001130104065,0.012264137156307697,140.2419891357422,0.37619999051094055,0.10284718871116638,0.06780000030994415,0.08500000089406967,0.12710000574588776,0.02125507779419422,0.5205000042915344,0.27543190121650696,0.22990000247955322,0.2524000108242035,0.3027999997138977,0.022665925323963165
train,parcel_1777662294718_3mzv8,intensif,Kairouan__lat177_lng50,0.3100000023841858,0.08266826719045639,0.04179999977350235,0.05719999969005585,0.12309999763965607,0.027638951316475868,0.2683757245540619,0.04866577312350273,-0.19961895048618317,-0.05065285041928291,0.1675078570842743,0.08159752935171127,0.742971658706665,0.3453241288661957,0.36800000071525574,0.11767459660768509,0.06840000301599503,0.08399999886751175,0.16930000483989716,0.03473551571369171,18959.0,0.26599764823913574,0.011394667439162731,-0.26886293292045593,-0.11243279278278351,0.11986289173364639,0.09130950272083282,192.08270263671875,0.8061090111732483,6.0187907218933105,0.526305079460144,0.5916686058044434,0.699680507183075,0.4280162751674652,0.07391092926263809,0.2267557978630066,0.5750025510787964,0.12733370065689087,-0.14498139917850494,-0.4837488532066345,-0.6690511107444763,-0.5892529487609863,-0.34960293769836426,0.09264414012432098,15.390949249267578,0.6465893387794495,1.6727477312088013,0.5329634547233582,0.6840854287147522,0.5113999843597412,0.3309611678123474,0.24079999327659607,0.30239999294281006,0.3676399886608124,0.026697803288698196,189.62078857421875,0.40619999170303345,0.1374143362045288,0.06109999865293503,0.08869999647140503,0.2223999947309494,0.05009685084223747,0.51910001039505,0.3283666670322418,0.22310000658035278,0.2614000141620636,0.44690001010894775,0.06474064290523529
train,parcel_1777662316778_yiudt,intensif,Kairouan__lat177_lng50,0.5351999998092651,0.07797666639089584,0.05490000173449516,0.06530000269412994,0.09359999746084213,0.019719533622264862,0.2071693390607834,0.07387710362672806,-0.036097828298807144,0.023444311693310738,0.12077923864126205,0.03732549399137497,0.8836005926132202,0.10165546089410782,0.5648000240325928,0.10858370363712311,0.07989999651908875,0.09094999730587006,0.12985000014305115,0.024303587153553963,3866.0,0.09964066743850708,-0.022117624059319496,-0.18169473111629486,-0.07433107495307922,0.03149387985467911,0.04119229316711426,171.9847412109375,0.49826231598854065,6.103512287139893,0.4335135817527771,0.5164461731910706,0.56851726770401,0.4239635169506073,0.005374455358833075,0.3383150100708008,0.5004886388778687,0.06966764479875565,0.0031971591524779797,-0.4843001067638397,-0.5747737884521484,-0.5400196313858032,-0.42128419876098633,0.055518269538879395,13.346903800964355,0.40245574712753296,1.5802152156829834,0.4562566876411438,0.6485587358474731,0.5612000226974487,0.30892500281333923,0.2671000063419342,0.2919999957084656,0.32690000534057617,0.01777059957385063,38.67454147338867,0.5551999807357788,0.1268276572227478,0.08839999884366989,0.10180000215768814,0.15600000321865082,0.030736785382032394,0.4943999946117401,0.3238842785358429,0.2671000063419342,0.28780001401901245,0.36250001192092896,0.03177130967378616
train,parcel_1777662471199_933e1,intensif,Gafsa__lat173_lng44,0.22910000383853912,0.062278229743242264,0.03539999946951866,0.043800000101327896,0.096950002014637,0.0249936580657959,0.22791267931461334,0.030632123351097107,-0.11613430827856064,-0.030378922820091248,0.10273733735084534,0.053320832550525665,0.8670095801353455,0.3714180886745453,0.31439998745918274,0.0964384377002716,0.060499999672174454,0.07029999792575836,0.14300000667572021,0.034731168299913406,8166.0,0.1937524825334549,0.04621889069676399,-0.18149565160274506,-0.027187716215848923,0.10566887259483337,0.05463497340679169,350.0126647949219,0.5362064838409424,8.101693153381348,0.424541711807251,0.5076844096183777,0.6416530609130859,0.4559592604637146,0.1006479486823082,0.29779618978500366,0.5565630197525024,0.10105524212121964,-0.2368931919336319,-0.512359619140625,-0.6390381455421448,-0.5801978707313538,-0.40612462162971497,0.0690581351518631,49.46163558959961,0.5097305774688721,2.7184395790100098,0.43713170289993286,0.6501383781433105,0.5095999836921692,0.28982701897621155,0.2498999983072281,0.2612999975681305,0.33980000019073486,0.03660477325320244,81.67684173583984,0.4163999855518341,0.11399810761213303,0.05990000069141388,0.0754999965429306,0.18230000138282776,0.0520450621843338,0.5569999814033508,0.2678040564060211,0.19629999995231628,0.21549999713897705,0.3395000100135803,0.05989319458603859
train,parcel_1777662498867_hce6r,intensif,Gafsa__lat173_lng44,0.19740000367164612,0.05395861342549324,0.02630000002682209,0.036400001496076584,0.08980000019073486,0.02347511053085327,0.19458125531673431,-0.034503597766160965,-0.252028226852417,-0.12607453763484955,0.05109848454594612,0.07127812504768372,0.8955506086349487,0.7471224665641785,0.2863999903202057,0.0856727585196495,0.05220000073313713,0.06300000101327896,0.13339999318122864,0.0318295955657959,5821.0,0.3001755475997925,0.11233024299144745,-0.15809369087219238,0.02348337508738041,0.2034824639558792,0.07139641046524048,652.741943359375,0.2928680181503296,12.029227256774902,0.47216519713401794,0.5259023904800415,0.8273026347160339,0.5380616188049316,0.1111111044883728,0.34356075525283813,0.6586483716964722,0.1169394925236702,-0.25006556510925293,-0.5663393139839172,-0.7897704839706421,-0.6443941593170166,-0.4338066577911377,0.07985232025384903,41.161293029785156,0.23869921267032623,2.753622531890869,0.48826977610588074,0.65568608045578,0.4864000082015991,0.29974663257598877,0.2662000060081482,0.2777000069618225,0.3384000062942505,0.027923433110117912,58.29151916503906,0.37439998984336853,0.09509357064962387,0.041999999433755875,0.060100000351667404,0.16419999301433563,0.04680674895644188,0.5547000169754028,0.242788165807724,0.17100000381469727,0.1932000070810318,0.30070000886917114,0.05277223885059357
train,parcel_1777662509830_ph4tb,intensif,Gafsa__lat173_lng44,0.19689999520778656,0.07274075597524643,0.03739999979734421,0.046799998730421066,0.1340000033378601,0.03461403027176857,0.2119501233100891,0.018804173916578293,-0.13535214960575104,-0.07918263971805573,0.13067618012428284,0.07891710847616196,0.7669345736503601,0.49712973833084106,0.2766999900341034,0.11210263520479202,0.06759999692440033,0.07660000026226044,0.19760000705718994,0.04732990637421608,871.0,0.22513090074062347,0.06447261571884155,-0.16736136376857758,-0.05863232538104057,0.16768713295459747,0.08506878465414047,350.08160400390625,0.1267791986465454,5.8460540771484375,0.8123840093612671,0.8238485455513,0.6599673628807068,0.44596412777900696,0.10831985622644424,0.20546302199363708,0.571694552898407,0.13395535945892334,-0.2552577257156372,-0.5044126510620117,-0.6408076882362366,-0.5911062955856323,-0.3359019160270691,0.09313904494047165,35.58091735839844,0.1098121851682663,1.7263776063919067,0.8160645365715027,0.8544955253601074,0.4702000021934509,0.32435673475265503,0.2786000072956085,0.29280000925064087,0.39719998836517334,0.04174956679344177,8.743101119995117,0.36719998717308044,0.13421125710010529,0.06260000169277191,0.08070000261068344,0.2587999999523163,0.07064992934465408,0.5623999834060669,0.29226773977279663,0.1889999955892563,0.21199999749660492,0.41760000586509705,0.07889062911272049
train,parcel_1777662532453_yoau8,intensif,Gafsa__lat173_lng44,0.18799999356269836,0.06008752062916756,0.032099999487400055,0.0484900027513504,0.07440000027418137,0.01806003227829933,0.2136954367160797,0.03158298879861832,-0.20697243511676788,-0.018822956830263138,0.09081285446882248,0.04942847415804863,0.9245070219039917,0.21014083921909332,0.2720000147819519,0.09438425302505493,0.05559999868273735,0.07850000262260437,0.11379999667406082,0.02487732097506523,3550.0,0.28115084767341614,0.04769709333777428,-0.1708367019891739,-0.011982507072389126,0.10132335126399994,0.05372772738337517,222.00009155273438,0.3095839023590088,5.880392074584961,0.551264226436615,0.6115000247955322,0.7306122183799744,0.45307162404060364,0.10983764380216599,0.37543797492980957,0.5223367810249329,0.07599093019962311,-0.24544180929660797,-0.5111145973205566,-0.6844494938850403,-0.554012656211853,-0.45793625712394714,0.05131825432181358,29.275314331054688,0.20137976109981537,1.9055373668670654,0.5694651007652283,0.7097828984260559,0.46480000019073486,0.2870597243309021,0.2531000077724457,0.2696000039577484,0.30840998888015747,0.025136251002550125,35.547264099121094,0.37279999256134033,0.11096560955047607,0.04619999974966049,0.08579999953508377,0.13922999799251556,0.03718075901269913,0.5059000253677368,0.2635498642921448,0.16990000009536743,0.22439999878406525,0.31905001401901245,0.04717063158750534
train,parcel_1777662559509_oh30t,intensif,Gafsa__lat173_lng44,0.219200000166893,0.07401534169912338,0.04410000145435333,0.05490000173449516,0.11407999694347382,0.028715748339891434,0.21298106014728546,0.07631082087755203,-0.055944059044122696,0.027882982045412064,0.1388864666223526,0.04230080917477608,0.8181145787239075,0.03179297596216202,0.32120001316070557,0.11316654831171036,0.07320000231266022,0.08714000135660172,0.16685999929904938,0.03960154578089714,2705.0,0.13981041312217712,-0.0018646656535565853,-0.17441226541996002,-0.06919276714324951,0.05061522126197815,0.04779839143157005,237.3524932861328,0.42699411511421204,6.272247791290283,0.5807301998138428,0.6309434175491333,0.5733834505081177,0.39012831449508667,0.08130760490894318,0.2453419268131256,0.4728308618068695,0.0883093848824501,-0.2326803207397461,-0.4644148051738739,-0.5945220589637756,-0.5213931798934937,-0.36531347036361694,0.06228328123688698,61.74605178833008,0.3676881790161133,2.8397700786590576,0.5898212194442749,0.7032171487808228,0.515999972820282,0.3004283607006073,0.2524999976158142,0.2727999985218048,0.3612000048160553,0.042279113084077835,27.0554256439209,0.438400000333786,0.13784661889076233,0.0786999985575676,0.09910000115633011,0.21925999224185944,0.05821298062801361,0.5741999745368958,0.3042457401752472,0.21780000627040863,0.25119999051094055,0.4007999897003174,0.060956113040447235
train,parcel_1777662581023_xa3jy,intensif,Gafsa__lat173_lng44,0.2354000061750412,0.06938032805919647,0.04190000146627426,0.05040000006556511,0.10930000245571136,0.027202444151043892,0.2337062954902649,0.08636143803596497,-0.027242325246334076,0.020590780302882195,0.15421074628829956,0.05010347068309784,0.7731648683547974,0.09235860407352448,0.33640000224113464,0.10797031223773956,0.07109999656677246,0.08160000294446945,0.16313999891281128,0.037330836057662964,3324.0,0.11445476859807968,-0.012464534491300583,-0.19185633957386017,-0.0824318453669548,0.05557645112276077,0.0543033741414547,356.4533996582031,0.5234158039093018,9.278104782104492,0.3766827881336212,0.4599962532520294,0.5873543620109558,0.39400482177734375,0.0975298136472702,0.22853058576583862,0.49735814332962036,0.09742303937673569,-0.22021329402923584,-0.4757215082645416,-0.6020151376724243,-0.5420698523521423,-0.3658580482006073,0.06645947694778442,72.4272232055664,0.41143426299095154,3.744163751602173,0.3989533483982086,0.5744771361351013,0.5264000296592712,0.29513949155807495,0.2547999918460846,0.26993000507354736,0.35067999362945557,0.03892550989985466,33.253440856933594,0.4251999855041504,0.13434354960918427,0.07440000027418137,0.09229999780654907,0.21979999542236328,0.056378334760665894,0.5504999756813049,0.30557897686958313,0.22669999301433563,0.24729999899864197,0.4059999883174896,0.0596444271504879
train,parcel_1777662650200_lx0g1,intensif,Gafsa__lat173_lng44,0.26440000534057617,0.0761193037033081,0.032600000500679016,0.05649999901652336,0.09889999777078629,0.02115727961063385,0.454497754573822,0.0572177991271019,-0.23685070872306824,-0.006204923149198294,0.115215964615345,0.05352983623743057,0.7783972024917603,0.09843205660581589,0.3540000021457672,0.11738869547843933,0.05860000103712082,0.09000000357627869,0.14740000665187836,0.02897663414478302,40180.0,0.31233400106430054,0.031106799840927124,-0.5859402418136597,-0.030712135136127472,0.09877432137727737,0.0580667145550251,171.39266967773438,0.6330416202545166,5.426104545593262,0.5426436066627502,0.6067309379577637,0.7361531257629395,0.39855003356933594,0.0387268140912056,0.2895725667476654,0.4992126226425171,0.08966882526874542,0.0959324836730957,-0.49466896057128906,-0.7101879119873047,-0.566260814666748,-0.4128331243991852,0.0662943422794342,15.334930419921875,0.6603550314903259,1.439512014389038,0.5503978133201599,0.7099635004997253,0.5600000023841858,0.34208059310913086,0.05889999866485596,0.3158000111579895,0.375,0.027655428275465965,402.0617980957031,0.47699999809265137,0.15053489804267883,0.04699999839067459,0.10890000313520432,0.1949000060558319,0.043679650872945786,0.6389999985694885,0.323762446641922,0.17239999771118164,0.271699994802475,0.3745099902153015,0.04917927831411362
train,parcel_1777662674673_x7v1z,intensif,Gafsa__lat173_lng44,0.22439999878406525,0.07007700949907303,0.021700000390410423,0.033399999141693115,0.10360000282526016,0.026143621653318405,0.3158140778541565,-0.00778881786391139,-0.4252873957157135,-0.23183685541152954,0.14090745151042938,0.1434449702501297,0.6489708423614502,0.4073220193386078,0.32679998874664307,0.1098383441567421,0.04820000007748604,0.05939999967813492,0.15880000591278076,0.03644609451293945,17782.0,0.4704424738883972,0.0851973444223404,-0.33249610662460327,-0.06275027990341187,0.2922497093677521,0.13658404350280762,289.0860290527344,0.8771116733551025,7.623239994049072,0.4618593752384186,0.5274894833564758,0.873955249786377,0.4753260016441345,0.07881075888872147,0.2674424350261688,0.7656787633895874,0.18433593213558197,-0.18691588938236237,-0.5263605117797852,-0.7814304828643799,-0.708641767501831,-0.39946699142456055,0.11606364697217941,15.682493209838867,0.7552263140678406,1.905916452407837,0.4672834873199463,0.6305446028709412,0.49639999866485596,0.34556570649147034,0.21080000698566437,0.3075000047683716,0.3885999917984009,0.03055167943239212,177.9577178955078,0.41839998960494995,0.13047322630882263,0.027699999511241913,0.04619999974966049,0.21669000387191772,0.06163332611322403,0.48890000581741333,0.2999572455883026,0.14720000326633453,0.19269999861717224,0.4099000096321106,0.0798959881067276
train,parcel_1777662687780_8zuuk,intensif,Gafsa__lat173_lng44,0.16419999301433563,0.06708943098783493,0.03920000046491623,0.05643000081181526,0.0794999971985817,0.011892734095454216,0.19970577955245972,-0.010878177359700203,-0.18485768139362335,-0.08167021721601486,0.050974417477846146,0.053945016115903854,0.9650735259056091,0.48223039507865906,0.22859999537467957,0.10682699084281921,0.07100000232458115,0.09220000356435776,0.1242000013589859,0.01589958183467388,3264.0,0.2565043866634369,0.09732463955879211,-0.142378568649292,0.030436906963586807,0.17395447194576263,0.057262640446424484,145.66290283203125,0.43297165632247925,5.073389530181885,0.5775530338287354,0.630742609500885,0.7346394062042236,0.4934285581111908,0.1344241052865982,0.41499829292297363,0.5712894797325134,0.07050357758998871,-0.2642420530319214,-0.5444217920303345,-0.6917064189910889,-0.5948903560638428,-0.4928308427333832,0.04667893797159195,4.54154109954834,0.6919150948524475,1.023622989654541,0.585985541343689,0.7252702713012695,0.40540000796318054,0.36067935824394226,0.30239999294281006,0.3368000090122223,0.3815999925136566,0.016806472092866898,32.66582489013672,0.2992999851703644,0.12346344441175461,0.05959999933838844,0.0989999994635582,0.15157000720500946,0.025505388155579567,0.45399999618530273,0.29786771535873413,0.2328999936580658,0.26109999418258667,0.33779001235961914,0.03266310691833496
train,parcel_1777662715410_fr6g1,intensif,Gafsa__lat173_lng44,0.21660000085830688,0.06528837978839874,0.032099999487400055,0.04780000075697899,0.10320000350475311,0.025074779987335205,0.26024919748306274,0.0233859121799469,-0.15259116888046265,-0.047963619232177734,0.12540841102600098,0.065555140376091,0.8507346510887146,0.5457513928413391,0.3100000023841858,0.09809353202581406,0.05900000035762787,0.07360000163316727,0.15209999680519104,0.03541338071227074,12863.0,0.2194012850522995,0.048411037772893906,-0.24660305678844452,-0.0457829087972641,0.11829947680234909,0.06545259803533554,357.9833679199219,0.4972250461578369,6.8043670654296875,0.6356191039085388,0.6847384572029114,0.7449131011962891,0.47166708111763,0.06855791062116623,0.2581518590450287,0.5830394625663757,0.12138630449771881,-0.20533332228660583,-0.5285009741783142,-0.7126156091690063,-0.6014916896820068,-0.38436204195022583,0.08420035988092422,17.7346248626709,0.5199480652809143,1.434749722480774,0.6428907513618469,0.7743504643440247,0.504800021648407,0.3082495629787445,0.2606000006198883,0.28279998898506165,0.34200000762939453,0.028026260435581207,128.7885284423828,0.396699994802475,0.11671343445777893,0.05119999870657921,0.07810000330209732,0.20178000628948212,0.05451138690114021,0.5450000166893005,0.2837495803833008,0.20010000467300415,0.23520000278949738,0.37940001487731934,0.05885212868452072
train,parcel_1777663020929_sz60j,intensif,Gabes__lat168_lng49,0.16410000622272491,0.09529726207256317,0.05530000105500221,0.07315000146627426,0.11885000020265579,0.017788689583539963,0.1931425780057907,0.04590391740202904,-0.12865173816680908,-0.0481342151761055,0.1105080097913742,0.05718604475259781,0.6633738875389099,0.11854103207588196,0.25380000472068787,0.14977210760116577,0.09430000185966492,0.11964999884366989,0.18404999375343323,0.025893880054354668,1316.0,0.23437288403511047,0.05759263038635254,-0.09656501561403275,-0.009589391760528088,0.14473387598991394,0.05858273431658745,137.3162078857422,0.5431991815567017,4.812472343444824,0.6802914142608643,0.7065507769584656,0.6397515535354614,0.3819390535354614,0.13139624893665314,0.26939743757247925,0.5186245441436768,0.09009324759244919,-0.30777233839035034,-0.48833030462265015,-0.6387984156608582,-0.5633423328399658,-0.4123140871524811,0.056441277265548706,9.079819679260254,0.4646548926830292,1.2497190237045288,0.6840284466743469,0.7618188858032227,0.5180000066757202,0.4324077367782593,0.3806000053882599,0.40789997577667236,0.4607999920845032,0.021261416375637054,13.150397300720215,0.37380000948905945,0.1966407150030136,0.09279999881982803,0.13655000925064087,0.25634998083114624,0.045918241143226624,0.541100025177002,0.38717836141586304,0.28110000491142273,0.3209500014781952,0.44130000472068787,0.0434429869055748
train,parcel_1777665966157_egeq5,extensif,Mahdia__lat176_lng53,0.20270000398159027,0.12597352266311646,0.05460000038146973,0.10300000011920929,0.14902999997138977,0.01799086481332779,0.3151412308216095,0.1959071308374405,-0.16902701556682587,0.17147251963615417,0.22348321974277496,0.027416856959462166,0.0063237776048481464,0.0038996627554297447,0.2978000044822693,0.19583268463611603,0.10010000318288803,0.16007000207901,0.23119999468326569,0.027626745402812958,9488.0,0.26060301065444946,-0.12057697027921677,-0.31219980120658875,-0.15729831159114838,-0.0901038870215416,0.03216642513871193,57.42056655883789,0.6017752289772034,3.9555552005767822,0.38081881403923035,0.4799502491950989,0.7189585566520691,0.19485080242156982,0.10429175943136215,0.152092844247818,0.23637086153030396,0.042744122445583344,-0.17892426252365112,-0.34961310029029846,-0.6501121520996094,-0.38444483280181885,-0.31184837222099304,0.0318392775952816,31.315420150756836,0.714447021484375,3.0590646266937256,0.38243168592453003,0.5244951844215393,0.5149999856948853,0.4044247567653656,0.21480000019073486,0.3531999886035919,0.44780001044273376,0.03727804124355316,94.92092895507812,0.4027999937534332,0.27403369545936584,0.08420000225305557,0.2233700007200241,0.323199987411499,0.039446163922548294,0.6079000234603882,0.5144163370132446,0.2955000102519989,0.46860000491142273,0.555400013923645,0.035320233553647995
train,parcel_1777666096636_lo0y0,extensif,Sfax__lat175_lng52,0.21469999849796295,0.1245620995759964,0.07970000058412552,0.10570000112056732,0.1446000039577484,0.014980006963014603,0.3267759680747986,0.23910441994667053,0.10928600281476974,0.2131526917219162,0.27466830611228943,0.02319520339369774,0.0,0.0,0.28060001134872437,0.18827007710933685,0.10930000245571136,0.14659999310970306,0.22540000081062317,0.030179714784026146,36964.0,-0.038768220692873,-0.17740720510482788,-0.33373168110847473,-0.255840539932251,-0.12140321731567383,0.05001790449023247,14.476104736328125,0.264384925365448,1.8417422771453857,0.5675120949745178,0.6658148765563965,0.29117539525032043,0.13586178421974182,0.07327701896429062,0.11589332669973373,0.15952059626579285,0.018584739416837692,-0.1855737864971161,-0.31444302201271057,-0.42817625403404236,-0.3450712561607361,-0.28564777970314026,0.023441489785909653,18.891698837280273,0.9217228293418884,1.965471625328064,0.5627102255821228,0.6679074168205261,0.5192000269889832,0.3624168634414673,0.21199999749660492,0.26809999346733093,0.436599999666214,0.06456600874662399,369.51434326171875,0.4244000017642975,0.27595582604408264,0.14920000731945038,0.20499999821186066,0.3368000090122223,0.05104035139083862,0.6394000053405762,0.5127261281013489,0.3716999888420105,0.4505999982357025,0.5662000179290771,0.045864515006542206
train,parcel_1777666127269_tb54q,extensif,Sfax__lat175_lng52,0.2786000072956085,0.14057356119155884,0.06560000032186508,0.121799997985363,0.15880000591278076,0.014677965082228184,0.36490532755851746,0.21859173476696014,0.10728894174098969,0.20217347145080566,0.23668061196804047,0.014697298407554626,0.00010814123379532248,0.0,0.36500000953674316,0.22041337192058563,0.09319999814033508,0.18880000710487366,0.2517000138759613,0.02458130195736885,55483.0,-0.014858001843094826,-0.1323346048593521,-0.40439707040786743,-0.1615018993616104,-0.10588812828063965,0.02484886720776558,21.2266845703125,0.36722299456596375,2.5278708934783936,0.47389790415763855,0.576741099357605,0.46300604939460754,0.13322128355503082,0.061194777488708496,0.10820060223340988,0.1619449257850647,0.02198879048228264,-0.1366799920797348,-0.3216603100299835,-0.5269547700881958,-0.3499021828174591,-0.2950819730758667,0.022370595484972,23.064586639404297,0.7784136533737183,2.258861541748047,0.4717605412006378,0.6087840795516968,0.5853999853134155,0.42873844504356384,0.17880000174045563,0.3799999952316284,0.47519999742507935,0.039000049233436584,555.0980834960938,0.48739999532699585,0.32866358757019043,0.11540000140666962,0.28220000863075256,0.3747999966144562,0.037018027156591415,0.632099986076355,0.5581336617469788,0.40560001134872437,0.5160999894142151,0.5968999862670898,0.032509252429008484
train,parcel_1777666170696_fk7cq,extensif,Sfax__lat175_lng52,0.27000001072883606,0.13064999878406525,0.05299999937415123,0.10660000145435333,0.15479999780654907,0.019535398110747337,0.38954979181289673,0.214222714304924,0.0843772366642952,0.1914922446012497,0.23700977861881256,0.01888320781290531,9.96385351754725e-05,5.535473974305205e-06,0.35199999809265137,0.19511164724826813,0.07000000029802322,0.15039999783039093,0.23589999973773956,0.033394429832696915,180653.0,0.005167465656995773,-0.14523006975650787,-0.43085312843322754,-0.19747953116893768,-0.10234628617763519,0.03737218305468559,18.39291763305664,0.647033154964447,2.496243953704834,0.40695899724960327,0.5343332886695862,0.5176733732223511,0.1555040329694748,0.07666290551424026,0.12458652257919312,0.18857142329216003,0.025898871943354607,-0.19567281007766724,-0.3264685869216919,-0.5913676023483276,-0.35372820496559143,-0.2989150881767273,0.022157831117510796,28.150386810302734,0.8938897848129272,2.732051134109497,0.4046146273612976,0.5454753041267395,0.548799991607666,0.3831658959388733,0.1460999995470047,0.301800012588501,0.45080000162124634,0.05826323851943016,1807.116455078125,0.4564000070095062,0.28177595138549805,0.09160000085830688,0.2101999968290329,0.3431999981403351,0.05216538906097412,0.6319000124931335,0.5094571709632874,0.3005000054836273,0.44760000705718994,0.5633999705314636,0.04720131307840347
train,parcel_1777666196106_hhim9,extensif,Sfax__lat175_lng53,0.2818000018596649,0.13135690987110138,0.06880000233650208,0.10980000346899033,0.1542000025510788,0.017444293946027756,0.2762526273727417,0.21328668296337128,-0.07150484621524811,0.1935698688030243,0.23294657468795776,0.02042553760111332,0.0041126227006316185,0.0011599704157561064,0.37720000743865967,0.21282722055912018,0.11540000140666962,0.17679999768733978,0.2493000030517578,0.027815958485007286,18966.0,0.13880686461925507,-0.1149270310997963,-0.2478358894586563,-0.14062419533729553,-0.09177029877901077,0.022602053359150887,35.37148666381836,0.48536285758018494,2.7406558990478516,0.6078076362609863,0.6603683233261108,0.6164199113845825,0.15084613859653473,0.08208877593278885,0.11481235921382904,0.19005076587200165,0.03682784363627434,-0.1906721591949463,-0.35269927978515625,-0.5954981446266174,-0.3868367075920105,-0.31866952776908875,0.028759939596056938,14.557510375976562,0.8143742084503174,1.683586835861206,0.6067858934402466,0.7002195119857788,0.557200014591217,0.44303879141807556,0.2824000120162964,0.3935999870300293,0.492000013589859,0.039480678737163544,189.6459503173828,0.4620000123977661,0.32869359850883484,0.11400000005960464,0.27059999108314514,0.38679999113082886,0.04520297795534134,0.642300009727478,0.5575659275054932,0.34279999136924744,0.5048999786376953,0.6086499691009521,0.042508311569690704
train,parcel_1777666217906_3lfgs,extensif,Sfax__lat175_lng53,0.2635999917984009,0.13429293036460876,0.0674000009894371,0.11330000311136246,0.16140000522136688,0.01910104602575302,0.2817496657371521,0.21183612942695618,0.0776972845196724,0.19034436345100403,0.2302268147468567,0.016985327005386353,0.00046522446791641414,4.6522447519237176e-05,0.3375999927520752,0.21065694093704224,0.11400000005960464,0.17679999768733978,0.2513999938964844,0.028992941603064537,21495.0,-0.0012750709429383278,-0.12463429570198059,-0.2561487853527069,-0.15388000011444092,-0.09248646348714828,0.02503284066915512,38.11408615112305,0.37652695178985596,3.410923957824707,0.4978846609592438,0.5653650760650635,0.5033660531044006,0.15332593023777008,0.07898517698049545,0.11788363754749298,0.19149936735630035,0.030683308839797974,-0.16908714175224304,-0.34053945541381836,-0.5483359694480896,-0.37494251132011414,-0.30322369933128357,0.02825441025197506,22.13409423828125,0.7968364357948303,2.3231191635131836,0.497284859418869,0.6138533353805542,0.5576000213623047,0.42654746770858765,0.2727999985218048,0.373199999332428,0.48080000281333923,0.041107427328825,214.98805236816406,0.4715999960899353,0.3145142197608948,0.1290999948978424,0.26124000549316406,0.3707999885082245,0.04274432733654976,0.6244999766349792,0.5465848445892334,0.4059999883174896,0.5004000067710876,0.5891000032424927,0.03392262011766434
train,parcel_1777666232428_43q5u,extensif,Sfax__lat175_lng53,0.21490000188350677,0.12007788568735123,0.07599999755620956,0.10180000215768814,0.14259999990463257,0.017854278907179832,0.276396244764328,0.21836815774440765,0.14571982622146606,0.19526392221450806,0.23822128772735596,0.01733161322772503,0.0,0.0,0.30090001225471497,0.1904488056898117,0.1151999980211258,0.16279999911785126,0.22439999878406525,0.024981016293168068,11785.0,-0.051033373922109604,-0.13127274811267853,-0.2686813175678253,-0.15598854422569275,-0.1020960733294487,0.02224481664597988,35.90592575073242,0.3555854260921478,3.6446073055267334,0.40200114250183105,0.48883819580078125,0.3244536817073822,0.1658596694469452,0.09385865926742554,0.13399413228034973,0.20147167146205902,0.026974942535161972,-0.24543002247810364,-0.3623645305633545,-0.46419838070869446,-0.39492931962013245,-0.327393114566803,0.027749890461564064,19.0382022857666,0.760441243648529,2.337130069732666,0.4032849371433258,0.5620678067207336,0.5192000269889832,0.40511342883110046,0.2662000060081482,0.36800000071525574,0.4487999975681305,0.03199002146720886,117.86978149414062,0.4300999939441681,0.29090380668640137,0.1623000055551529,0.24879999458789825,0.33739998936653137,0.03440673276782036,0.6204000115394592,0.52669358253479,0.42989999055862427,0.49149999022483826,0.564300000667572,0.027549607679247856
train,parcel_1777666247763_3i29v,extensif,Sfax__lat175_lng53,0.18070000410079956,0.12516522407531738,0.08250000327825546,0.10540000349283218,0.15020999312400818,0.01696803979575634,0.25757184624671936,0.20336535573005676,0.1359556019306183,0.1802310049533844,0.22696256637573242,0.01845172606408596,0.00017211704107467085,0.0,0.28619998693466187,0.19795165956020355,0.12300000339746475,0.16459999978542328,0.23899999260902405,0.02809222973883152,5810.0,-0.03974245488643646,-0.11369847506284714,-0.20716887712478638,-0.14891602098941803,-0.0854276493191719,0.024576770141720772,29.08249282836914,0.6476545929908752,2.898704767227173,0.5130048990249634,0.5909618139266968,0.35433071851730347,0.1698611080646515,0.08916627615690231,0.12647956609725952,0.22268538177013397,0.0365326814353466,-0.2457420825958252,-0.35378357768058777,-0.4833398461341858,-0.3884104788303375,-0.31921592354774475,0.026316283270716667,16.911901473999023,0.8510412573814392,2.024247407913208,0.5128954648971558,0.6368374228477478,0.5027999877929688,0.41310805082321167,0.26100000739097595,0.35458001494407654,0.47119998931884766,0.042970914393663406,58.115116119384766,0.41670000553131104,0.29493799805641174,0.16539999842643738,0.23980000615119934,0.3614100217819214,0.04597017168998718,0.609000027179718,0.5180602669715881,0.39739999175071716,0.4657000005245209,0.5781999826431274,0.042491231113672256
train,parcel_1777666273477_7e680,extensif,Sfax__lat175_lng53,0.3043000102043152,0.1305244266986847,0.08500000089406967,0.1111999973654747,0.152319997549057,0.01687614433467388,0.2535511255264282,0.20430505275726318,0.08118356019258499,0.17720723152160645,0.2267092764377594,0.02156778797507286,0.0034804909955710173,0.0,0.3675999939441681,0.20772257447242737,0.1379999965429306,0.17800000309944153,0.23951999843120575,0.024069273844361305,5459.0,0.0065711503848433495,-0.11132222414016724,-0.21796885132789612,-0.13672775030136108,-0.08200817555189133,0.024022934958338737,47.980926513671875,0.5031037926673889,3.8964412212371826,0.4144163429737091,0.49749302864074707,0.4114803969860077,0.16374622285366058,0.0569395050406456,0.12715449929237366,0.20296214520931244,0.03583456203341484,-0.12766967713832855,-0.3519149124622345,-0.5031677484512329,-0.3878858983516693,-0.3177284300327301,0.030468963086605072,20.181692123413086,0.6843013167381287,2.4757139682769775,0.4164137840270996,0.5500926375389099,0.515999972820282,0.431840181350708,0.30160000920295715,0.3959600031375885,0.46959999203681946,0.029364604502916336,54.664634704589844,0.42399999499320984,0.3115343153476715,0.19220000505447388,0.2662000060081482,0.3580000102519989,0.035843268036842346,0.6151999831199646,0.5396674871444702,0.4300999939441681,0.5033000111579895,0.5786200165748596,0.029789308086037636
train,parcel_1777666300643_1c2ue,extensif,Sfax__lat175_lng53,0.319599986076355,0.13136395812034607,0.09300000220537186,0.11479999870061874,0.15279999375343323,0.016189539805054665,0.26976701617240906,0.213108628988266,0.08131181448698044,0.18695959448814392,0.23569975793361664,0.01984735019505024,0.0,0.0,0.41440001130104065,0.20748357474803925,0.13179999589920044,0.18279999494552612,0.2370000034570694,0.022398632019758224,4932.0,0.01423679944127798,-0.12149027734994888,-0.244630828499794,-0.14535197615623474,-0.09260983765125275,0.021519271656870842,25.099245071411133,0.28307434916496277,2.6461069583892822,0.5449175238609314,0.6139597296714783,0.27244678139686584,0.14895491302013397,0.06752654165029526,0.11958761513233185,0.18068541586399078,0.024695683270692825,-0.15186244249343872,-0.34463316202163696,-0.4576152265071869,-0.3745947778224945,-0.31367379426956177,0.02602331154048443,18.694364547729492,0.6729110479354858,2.0243918895721436,0.5459259748458862,0.6494613289833069,0.5627999901771545,0.4247783124446869,0.2809999883174896,0.38760000467300415,0.46320000290870667,0.03171227127313614,49.28764343261719,0.49160000681877136,0.3155050277709961,0.17299999296665192,0.27639999985694885,0.35826998949050903,0.03374585509300232,0.6187999844551086,0.5417128801345825,0.4065000116825104,0.5008999705314636,0.5814999938011169,0.031266067177057266
train,parcel_1777666340373_juajr,extensif,Sfax__lat175_lng52,0.2117999941110611,0.12742879986763,0.046799998730421066,0.10909999907016754,0.14720000326633453,0.014664926566183567,0.2935480773448944,0.22106310725212097,0.1164330542087555,0.2030121386051178,0.23971717059612274,0.0151481619104743,0.0001649892801651731,3.299785385024734e-05,0.2842999994754791,0.19905316829681396,0.07540000230073929,0.16899999976158142,0.23000000417232513,0.02345057763159275,30305.0,0.01324502658098936,-0.1357654333114624,-0.2895190417766571,-0.1689615398645401,-0.1066545769572258,0.02581593580543995,27.912578582763672,0.17480875551700592,3.0315210819244385,0.47697317600250244,0.5539600253105164,0.578125,0.15035204589366913,0.09339240193367004,0.12375617027282715,0.1798182874917984,0.022416146472096443,-0.19099320471286774,-0.34816959500312805,-0.6216758489608765,-0.38233304023742676,-0.3177804946899414,0.02581361122429371,23.53152084350586,0.7906448841094971,2.5788841247558594,0.47537845373153687,0.5790694952011108,0.5073999762535095,0.4111602306365967,0.258899986743927,0.3553999960422516,0.4636000096797943,0.04086818918585777,303.204345703125,0.4153999984264374,0.30470290780067444,0.08640000224113464,0.2526000142097473,0.3555999994277954,0.039306558668613434,0.6136999726295471,0.5388875007629395,0.3310999870300293,0.48969998955726624,0.5856999754905701,0.03575672209262848
train,parcel_1777666373384_lm2rb,extensif,Sfax__lat175_lng52,0.21410000324249268,0.11845480650663376,0.06340000033378601,0.09960000216960907,0.1379999965429306,0.015447616577148438,0.3649769127368927,0.22963020205497742,0.043681550770998,0.20664238929748535,0.2526092231273651,0.020837847143411636,6.232703890418634e-05,0.0,0.3131999969482422,0.18205828964710236,0.08009999990463257,0.1412000060081482,0.21819999814033508,0.029706833884119987,80222.0,0.0490935780107975,-0.15667881071567535,-0.3843577206134796,-0.2196597456932068,-0.1069965809583664,0.04526551812887192,21.239574432373047,0.4718318283557892,2.4232678413391113,0.5438124537467957,0.6214940547943115,0.43024495244026184,0.15981045365333557,0.07814992219209671,0.12949638068675995,0.19389960169792175,0.025989945977926254,-0.16094209253787994,-0.3506186306476593,-0.4613710045814514,-0.38381198048591614,-0.3195551037788391,0.026163486763834953,33.05495071411133,0.8552120923995972,2.660111904144287,0.5417455434799194,0.6311688423156738,0.5170000195503235,0.3788297474384308,0.17739999294281006,0.28940001130104065,0.45179998874664307,0.06135346367955208,802.56494140625,0.42980000376701355,0.276298463344574,0.10360000282526016,0.19920000433921814,0.34200000762939453,0.0540902316570282,0.6104000210762024,0.5146673321723938,0.3102000057697296,0.44940000772476196,0.5706999897956848,0.04611647501587868
train,parcel_1777666392195_gp8ab,extensif,Sfax__lat175_lng52,0.1738000065088272,0.13016767799854279,0.09200000017881393,0.1177000030875206,0.14187000691890717,0.009362546727061272,0.259874552488327,0.22748124599456787,0.19832441210746765,0.21951505541801453,0.2353758066892624,0.006562824361026287,0.0,0.0,0.2508000135421753,0.20922636985778809,0.13819999992847443,0.19020000100135803,0.227400004863739,0.014721967279911041,5904.0,-0.08913707733154297,-0.13453078269958496,-0.2269287109375,-0.15173634886741638,-0.1176132932305336,0.014049727469682693,33.24990463256836,0.003996963147073984,3.3678083419799805,0.4652280807495117,0.5385501384735107,0.23497267067432404,0.14037223160266876,0.09025787562131882,0.11425083875656128,0.17056089639663696,0.02209995873272419,-0.2765685021877289,-0.34971341490745544,-0.43898123502731323,-0.37626171112060547,-0.32690250873565674,0.01918049156665802,13.858946800231934,0.5436720252037048,1.9901306629180908,0.4677417278289795,0.5926257967948914,0.4844000041484833,0.43384698033332825,0.29109999537467957,0.4083999991416931,0.4560000002384186,0.021139947697520256,59.06211853027344,0.3959999978542328,0.32766807079315186,0.19859999418258667,0.29319998621940613,0.35934001207351685,0.026135705411434174,0.5997999906539917,0.5683186650276184,0.4620000123977661,0.5490000247955322,0.5849999785423279,0.0173321682959795
train,parcel_1777666410382_4ozey,extensif,Sfax__lat175_lng52,0.17309999465942383,0.12672752141952515,0.08479999750852585,0.1111999973654747,0.14329999685287476,0.012345414608716965,0.2648117244243622,0.2258952409029007,0.17567671835422516,0.2118302583694458,0.24037471413612366,0.011035723611712456,0.0,0.0,0.2727999985218048,0.20524734258651733,0.13819999992847443,0.17820000648498535,0.2354000061750412,0.021792089566588402,10472.0,-0.07107532024383545,-0.13218991458415985,-0.2181706726551056,-0.15734826028347015,-0.10883403569459915,0.018776463344693184,26.18017578125,0.2515062391757965,2.9744019508361816,0.46033719182014465,0.5460412502288818,0.25581392645835876,0.14771322906017303,0.09179171174764633,0.12025914341211319,0.17738717794418335,0.022444061934947968,-0.28698378801345825,-0.3563690483570099,-0.4444653391838074,-0.3809880018234253,-0.3333333432674408,0.018740208819508553,15.787944793701172,0.8016310930252075,2.1582930088043213,0.45751404762268066,0.5856457948684692,0.5148000121116638,0.43156638741493225,0.3160000145435333,0.3901999890804291,0.477400004863739,0.033794477581977844,104.69984436035156,0.4129999876022339,0.32138514518737793,0.2046000063419342,0.27730000019073486,0.3709999918937683,0.035293616354465485,0.6227999925613403,0.5620906949043274,0.4706000089645386,0.5253999829292297,0.6019899845123291,0.02850612811744213
train,parcel_1777666449437_wci0q,extensif,Sfax__lat175_lng52,0.22010000050067902,0.13080376386642456,0.0729999989271164,0.11050000041723251,0.15219999849796295,0.01612015627324581,0.3043077290058136,0.21874967217445374,0.1395276039838791,0.20031923055648804,0.238715261220932,0.014939254149794579,0.0,0.0,0.2989000082015991,0.20966015756130219,0.10419999808073044,0.1784999966621399,0.2410999983549118,0.02405918389558792,25391.0,-0.03865483030676842,-0.12534314393997192,-0.3230289816856384,-0.15303727984428406,-0.10065360367298126,0.021312721073627472,34.95766067504883,0.3194585144519806,3.576021909713745,0.4043094217777252,0.49520304799079895,0.3207925856113434,0.14831149578094482,0.08526092022657394,0.11669128388166428,0.18288616836071014,0.025843847543001175,-0.21414487063884735,-0.34984147548675537,-0.45045679807662964,-0.3844500482082367,-0.3132818937301636,0.02774607576429844,23.056943893432617,0.7441649436950684,2.636183738708496,0.40373530983924866,0.5364236831665039,0.5216000080108643,0.4340835213661194,0.24740000069141388,0.3871999979019165,0.47679999470710754,0.03428979590535164,253.9376983642578,0.43320000171661377,0.3229915499687195,0.13539999723434448,0.2757999897003174,0.3716000020503998,0.036784883588552475,0.6255000233650208,0.5574998259544373,0.38199999928474426,0.5184999704360962,0.5936999917030334,0.028453141450881958
train,parcel_1777666990655_5k85g,intensif,Kairouan__lat177_lng50,0.19200000166893005,0.07705360651016235,0.04879999905824661,0.058800000697374344,0.10339999943971634,0.017839139327406883,0.19079618155956268,0.05161653459072113,-0.0736842080950737,-0.00027796527137979865,0.11325660347938538,0.04313218966126442,0.7435441613197327,0.016109926626086235,0.2547000050544739,0.11697357892990112,0.07750000059604645,0.08940000087022781,0.15598000586032867,0.026073617860674858,8442.0,0.1545047014951706,0.029397938400506973,-0.1385243535041809,-0.041557442396879196,0.08656028658151627,0.04898781701922417,119.53822326660156,0.579205334186554,5.211248874664307,0.5163760781288147,0.580300509929657,0.5656249523162842,0.3910007178783417,0.12740303575992584,0.29322826862335205,0.46514710783958435,0.06737332791090012,-0.2113606482744217,-0.46010687947273254,-0.5693877339363098,-0.5158107280731201,-0.38196972012519836,0.05248558521270752,9.314616203308105,0.8703807592391968,1.414915680885315,0.5201443433761597,0.6833969950675964,0.414000004529953,0.312204509973526,0.25619998574256897,0.27399998903274536,0.365200012922287,0.03405269980430603,84.43366241455078,0.31060001254081726,0.13914236426353455,0.08299999684095383,0.10320000350475311,0.19057999551296234,0.03467811644077301,0.48559999465942383,0.29745227098464966,0.20589999854564667,0.24041999876499176,0.3824000060558319,0.0555676631629467
train,parcel_1777667140912_3xckb,intensif,Gabes__lat171_lng49,0.5911999940872192,0.19588875770568848,0.04740000143647194,0.12439999729394913,0.2896000146865845,0.06295591592788696,0.48943090438842773,0.10497404634952545,-0.00791855901479721,0.05463005229830742,0.1690049171447754,0.043272338807582855,0.00394075270742178,3.397200634935871e-05,0.5943999886512756,0.27503520250320435,0.08160000294446945,0.19539999961853027,0.3776000142097473,0.06928220391273499,29436.0,0.16559137403964996,0.004128783009946346,-0.6385836601257324,-0.07890477776527405,0.0721101313829422,0.05827053636312485,39.3191032409668,0.8072661757469177,3.1596362590789795,0.4272579848766327,0.553529679775238,0.5486792922019958,0.18483209609985352,-0.015078820288181305,0.11288955807685852,0.25415802001953125,0.05271679908037186,0.2163265496492386,-0.321341872215271,-0.571209728717804,-0.3935428261756897,-0.24473002552986145,0.056977663189172745,83.86701202392578,0.7985290288925171,4.6193084716796875,0.42552152276039124,0.5235708355903625,0.7648000121116638,0.525877833366394,0.05620000138878822,0.43560001254081726,0.6331999897956848,0.07484138756990433,294.60528564453125,0.6660000085830688,0.36643657088279724,0.04529999941587448,0.27140000462532043,0.4819999933242798,0.08026604354381561,0.6923999786376953,0.5200469493865967,0.23229999840259552,0.43814998865127563,0.6058499813079834,0.06233323737978935
train,parcel_1777667155941_ci6fx,intensif,Gabes__lat171_lng49,0.3384000062942505,0.1589394211769104,0.07670000195503235,0.10984000563621521,0.2142000049352646,0.04031646251678467,0.19777807593345642,0.06541265547275543,-0.024804208427667618,0.019418111070990562,0.113801509141922,0.03633451089262962,0.01018859725445509,0.0,0.4339999854564667,0.2293320894241333,0.12680000066757202,0.1724800020456314,0.2906000018119812,0.04572826623916626,4613.0,0.19223430752754211,0.05150768160820007,-0.11952666193246841,-0.01222194079309702,0.11687277257442474,0.04928262531757355,80.86683654785156,0.4986305236816406,4.602336406707764,0.42557692527770996,0.5151117444038391,0.4382173717021942,0.25918757915496826,0.08055152744054794,0.19689205288887024,0.31013333797454834,0.0472077913582325,-0.18692708015441895,-0.3818197548389435,-0.5412445664405823,-0.44052937626838684,-0.3187173306941986,0.048528801649808884,62.755592346191406,0.6310426592826843,4.44017219543457,0.42446309328079224,0.5044438242912292,0.6618000268936157,0.5063195824623108,0.3752000033855438,0.4424000084400177,0.5712000131607056,0.048439256846904755,46.16682815551758,0.550000011920929,0.30075740814208984,0.16439999639987946,0.23499999940395355,0.3731200098991394,0.053655222058296204,0.6502000093460083,0.456549733877182,0.34040001034736633,0.40799999237060547,0.510200023651123,0.04358912631869316
train,parcel_1777667189888_bwda5,intensif,Gabes__lat171_lng49,0.3662000000476837,0.15943078696727753,0.03180000185966492,0.11320000141859055,0.21107999980449677,0.03879362717270851,0.48824870586395264,0.09002789109945297,-0.019572285935282707,0.03608572855591774,0.14341092109680176,0.041328612715005875,0.011946525424718857,0.0,0.46059998869895935,0.23295195400714874,0.04910000041127205,0.17980000376701355,0.29159998893737793,0.0445675365626812,10547.0,0.1710224449634552,0.02558445930480957,-0.5841694474220276,-0.043942876160144806,0.09828181564807892,0.055597178637981415,57.11146926879883,0.5987950563430786,3.422778367996216,0.5475634932518005,0.6236903071403503,0.48795178532600403,0.2300552874803543,0.033198367804288864,0.17068922519683838,0.2856076657772064,0.04988263174891472,-0.05707196891307831,-0.3649698495864868,-0.5571316480636597,-0.41994303464889526,-0.3044247329235077,0.049027372151613235,42.32872009277344,0.7183068990707397,3.0448405742645264,0.5476682782173157,0.6233266592025757,0.6912000179290771,0.4957875609397888,0.057500001043081284,0.4300000071525574,0.5622000098228455,0.05127445235848427,105.5810546875,0.5835999846458435,0.3128519058227539,0.04439999908208847,0.25,0.3840000033378601,0.05421824008226395,0.6585999727249146,0.4699527621269226,0.19670000672340393,0.4242999851703644,0.5176599621772766,0.040427397936582565
val,parcel_1777666032243_cm5hf,extensif,Sfax__lat174_lng51,0.5055999755859375,0.13874125480651855,0.05180000141263008,0.12189999967813492,0.155799999833107,0.013353552669286728,0.3306604325771332,0.21991130709648132,0.0049265306442976,0.20572465658187866,0.2336634397506714,0.012779700569808483,9.510404197499156e-05,4.755202098749578e-06,0.5509999990463257,0.22706803679466248,0.08410000056028366,0.1972000002861023,0.25619998574256897,0.022887103259563446,210296.0,0.05527392029762268,-0.11574175208806992,-0.3439168930053711,-0.1377091109752655,-0.09556399285793304,0.020648624747991562,20.842544555664062,0.45771339535713196,2.5478556156158447,0.4713011384010315,0.5726011991500854,0.5369545817375183,0.1345357745885849,0.028507372364401817,0.1088172122836113,0.16500289738178253,0.023340431973338127,-0.08684122562408447,-0.3491624593734741,-0.6081993579864502,-0.3747774362564087,-0.3250294327735901,0.020991161465644836,20.065717697143555,0.7864130735397339,2.0969126224517822,0.4702594578266144,0.6104264259338379,0.6557999849319458,0.46995994448661804,0.2092999964952469,0.4244000017642975,0.5116000175476074,0.036771003156900406,2104.093994140625,0.6065999865531921,0.3596476912498474,0.10400000214576721,0.3077999949455261,0.40799999237060547,0.03999708592891693,0.6575000286102295,0.5920730233192444,0.3885999917984009,0.5490999817848206,0.630299985408783,0.033456187695264816
val,parcel_1777666485645_8qagw,extensif,Sfax__lat174_lng51,0.4307999908924103,0.1356474757194519,0.07370000332593918,0.11599999666213989,0.15559999644756317,0.018024558201432228,0.3358200788497925,0.2171373814344406,0.015805736184120178,0.1923104226589203,0.24021893739700317,0.020375113934278488,0.00014138415281195194,0.0,0.414000004529953,0.21674306690692902,0.10559999942779541,0.18299999833106995,0.24779999256134033,0.027224844321608543,99021.0,0.035024404525756836,-0.12048102170228958,-0.34894412755966187,-0.15917623043060303,-0.09066880494356155,0.030868245288729668,15.196379661560059,0.6833630204200745,1.9933069944381714,0.4986368417739868,0.6154351830482483,0.3802928328514099,0.14333362877368927,0.0398598238825798,0.11707208305597305,0.17581583559513092,0.026744289323687553,-0.06840682029724121,-0.3501227796077728,-0.5036185383796692,-0.3809119164943695,-0.3128555119037628,0.02828490361571312,23.81361198425293,0.8387953042984009,2.1983158588409424,0.4950838088989258,0.6272216439247131,0.5568000078201294,0.44964656233787537,0.19660000503063202,0.3874000012874603,0.5004000067710876,0.04707099124789238,990.7244873046875,0.4551999866962433,0.33812934160232544,0.13660000264644623,0.2766999900341034,0.39100000262260437,0.04531881585717201,0.6503000259399414,0.5709570050239563,0.365200012922287,0.517799973487854,0.6157000064849854,0.039459098130464554
val,parcel_1777666507054_wo1vk,extensif,Sfax__lat174_lng51,0.22050000727176666,0.13293077051639557,0.06440000236034393,0.11720000207424164,0.1467999964952469,0.012482737191021442,0.33507806062698364,0.22160182893276215,0.09429610520601273,0.20763207972049713,0.2346431314945221,0.014332855120301247,0.0,0.0,0.31200000643730164,0.21828700602054596,0.09679999947547913,0.18860000371932983,0.24300000071525574,0.02359132654964924,77835.0,0.0035536496434360743,-0.1172279641032219,-0.3431943953037262,-0.1426563858985901,-0.09493810683488846,0.02805343084037304,12.385741233825684,0.6325384378433228,1.7782400846481323,0.5368809103965759,0.6432022452354431,0.34296029806137085,0.14035698771476746,0.07815174758434296,0.11702127009630203,0.16781112551689148,0.023534009233117104,-0.1764705628156662,-0.35976558923721313,-0.47421565651893616,-0.3837974965572357,-0.33638113737106323,0.02023785188794136,24.963924407958984,0.803248405456543,2.0332138538360596,0.5335781574249268,0.6590109467506409,0.5468000173568726,0.4633558392524719,0.21639999747276306,0.41499999165534973,0.503600001335144,0.04512496665120125,778.7330322265625,0.45669999718666077,0.35054197907447815,0.1225999966263771,0.295199990272522,0.39480000734329224,0.043976668268442154,0.6407999992370605,0.5845649838447571,0.3547999858856201,0.5387399792671204,0.6201000213623047,0.037506427615880966
val,parcel_1777666529889_rdkq2,extensif,Sfax__lat174_lng51,0.31040000915527344,0.13550922274589539,0.07760000228881836,0.11729999631643295,0.15320000052452087,0.014199857600033283,0.3393334746360779,0.21070335805416107,0.07258256524801254,0.18552720546722412,0.22963933646678925,0.018436748534440994,9.278417564928532e-06,0.0,0.365200012922287,0.21902994811534882,0.10320000350475311,0.186599999666214,0.24979999661445618,0.024997631087899208,107777.0,0.010343206115067005,-0.1083972156047821,-0.36608031392097473,-0.1343088001012802,-0.08017734438180923,0.024722516536712646,14.802434921264648,0.7803845405578613,1.9866350889205933,0.512204110622406,0.6238764524459839,0.3680533468723297,0.1498379111289978,0.059747062623500824,0.11445172131061554,0.19585248827934265,0.032463204115629196,-0.14191728830337524,-0.35864371061325073,-0.4905659854412079,-0.39256688952445984,-0.3275929391384125,0.02637779526412487,16.76008415222168,0.8640298247337341,1.7560957670211792,0.5118139386177063,0.6621342897415161,0.550000011920929,0.463407963514328,0.18960000574588776,0.40880000591278076,0.5163999795913696,0.044071733951568604,1078.27001953125,0.4620000123977661,0.3443830609321594,0.1379999965429306,0.28369998931884766,0.4075999855995178,0.04815490171313286,0.6668000221252441,0.5752819776535034,0.3763999938964844,0.5166000127792358,0.6345000267028809,0.04642617329955101
val,parcel_1777667281825_3deuj,intensif,Beja__lat182_lng46,0.15139999985694885,0.046070586889982224,0.019099999219179153,0.03139999881386757,0.05900000035762787,0.011955030262470245,0.17635896801948547,-0.03193145617842674,-0.2870355546474457,-0.17272527515888214,0.054751619696617126,0.08415311574935913,0.9875274300575256,0.7989309430122375,0.21240000426769257,0.07782665640115738,0.04050000011920929,0.06469999998807907,0.09139999747276306,0.013161257840692997,7296.0,0.35268309712409973,0.101288340985775,-0.14614343643188477,0.014029319398105145,0.2416326403617859,0.08463217318058014,216.51162719726562,0.7194259762763977,7.514981269836426,0.37451043725013733,0.46298733353614807,0.8336755037307739,0.5764344930648804,0.20224210619926453,0.4635617136955261,0.7316895723342896,0.09881985932588577,-0.2942195534706116,-0.5973128080368042,-0.7348814606666565,-0.670266330242157,-0.5312620401382446,0.056569404900074005,18.768491744995117,0.7583463788032532,1.9885826110839844,0.38896796107292175,0.6180597543716431,0.4108000099658966,0.3091866970062256,0.2093999981880188,0.2777999937534332,0.35920000076293945,0.03104773722589016,72.88069152832031,0.26330000162124634,0.08319635689258575,0.03240000084042549,0.05530000105500221,0.10980000346899033,0.022471453994512558,0.3797999918460846,0.25217875838279724,0.17839999496936798,0.21580000221729279,0.28769999742507935,0.028110740706324577
val,parcel_1777667302238_zjnhu,intensif,Beja__lat182_lng46,0.131400004029274,0.06821992248296738,0.0421999990940094,0.055399999022483826,0.08079999685287476,0.01077852863818407,0.17960625886917114,0.10970915108919144,0.009471533820033073,0.08129696547985077,0.13526402413845062,0.022995522245764732,0.6931187510490417,0.011098778806626797,0.1891999989748001,0.10468124598264694,0.07639999687671661,0.08749999850988388,0.12160000205039978,0.013978404924273491,1802.0,0.06594336032867432,-0.03190730884671211,-0.12418878823518753,-0.06167810410261154,0.0002881893015000969,0.02551475539803505,67.6034164428711,0.5965360999107361,4.513558387756348,0.3606976270675659,0.4738028049468994,0.5464829802513123,0.37239840626716614,0.21068459749221802,0.31520769000053406,0.42833811044692993,0.04677853360772133,-0.33229514956474304,-0.4919673502445221,-0.5983731746673584,-0.5388920903205872,-0.44416120648384094,0.03795769438147545,6.097887992858887,0.6685014367103577,1.3049139976501465,0.38057854771614075,0.63165283203125,0.39239999651908875,0.30595991015434265,0.2508000135421753,0.2881999909877777,0.32440000772476196,0.015538698062300682,18.07718276977539,0.24580000340938568,0.14068196713924408,0.09130000323057175,0.11819999665021896,0.16469000279903412,0.019071364775300026,0.45559999346733093,0.32638445496559143,0.27549999952316284,0.30160000920295715,0.3537999987602234,0.020986905321478844
val,parcel_1777667330430_52762,intensif,Beja__lat182_lng46,0.12680000066757202,0.05324038118124008,0.03370000049471855,0.04179999977350235,0.06800000369548798,0.010980597697198391,0.16595378518104553,0.04099159315228462,-0.08851224184036255,-0.01889202371239662,0.09618788957595825,0.04413282498717308,0.9592015743255615,0.42838340997695923,0.18379999697208405,0.08339586108922958,0.059300001710653305,0.06719999760389328,0.10350000113248825,0.015633821487426758,4559.0,0.17088006436824799,0.035030875355005264,-0.11273746937513351,-0.01934639737010002,0.0970735251903534,0.044952694326639175,114.81170654296875,0.6907777786254883,5.46673583984375,0.3852439820766449,0.4927418828010559,0.6509837508201599,0.47765907645225525,0.20861899852752686,0.3830197751522064,0.564160168170929,0.07023826241493225,-0.3364621102809906,-0.5542636513710022,-0.6635058522224426,-0.6125046610832214,-0.49297165870666504,0.048475608229637146,5.401447772979736,0.7841804623603821,1.2000781297683716,0.40261703729629517,0.6622829437255859,0.3702000081539154,0.2882310748100281,0.24089999496936798,0.26589998602867126,0.31360000371932983,0.018201632425189018,45.63348388671875,0.24240000545978546,0.10344894230365753,0.06120000034570694,0.07699999958276749,0.1370999962091446,0.023889167234301567,0.400299996137619,0.27000927925109863,0.21060000360012054,0.23197999596595764,0.31349998712539673,0.032036181539297104
test,parcel_1777662875975_5jz1b,intensif,Gabes__lat171_lng48,0.35839998722076416,0.18717315793037415,0.1371999979019165,0.16580000519752502,0.20720000565052032,0.016615523025393486,0.2866455912590027,0.2065620720386505,0.11201712489128113,0.19340166449546814,0.2172159105539322,0.010085080750286579,0.0,0.0,0.46399998664855957,0.2891198694705963,0.20280000567436218,0.25920000672340393,0.3163999915122986,0.022435370832681656,10579.0,-0.027992133051156998,-0.10578438639640808,-0.26845043897628784,-0.11885802447795868,-0.0900900810956955,0.0124511132016778,2.9788057804107666,0.882131040096283,0.6644270420074463,0.5853253602981567,0.7985113859176636,0.16918715834617615,0.09908181428909302,0.0394822396337986,0.079874686896801,0.1308165192604065,0.020589737221598625,-0.12071914970874786,-0.29518741369247437,-0.3553631901741028,-0.32538244128227234,-0.2736530900001526,0.02066993899643421,6.228891849517822,0.7674726247787476,0.9902212619781494,0.5757191181182861,0.752668559551239,0.6424000263214111,0.5303321480751038,0.36959999799728394,0.503600001335144,0.5576000213623047,0.022369716316461563,105.91107177734375,0.5935999751091003,0.4355052411556244,0.2971999943256378,0.39160001277923584,0.4740000069141388,0.03237554803490639,0.7070000171661377,0.6558898091316223,0.5821999907493591,0.6150000095367432,0.6881999969482422,0.02906857803463936
test,parcel_1777662889381_5q9ie,intensif,Gabes__lat171_lng48,0.20000000298023224,0.16207243502140045,0.12439999729394913,0.14959999918937683,0.1729000061750412,0.009735675528645515,0.24411147832870483,0.17602013051509857,0.13893269002437592,0.16146692633628845,0.19245582818984985,0.013935261406004429,0.0,0.0,0.3019999861717224,0.25247621536254883,0.18080000579357147,0.23562999069690704,0.26739999651908875,0.013506914488971233,1684.0,-0.02036934532225132,-0.06906291097402573,-0.19554537534713745,-0.0929737463593483,-0.0496319979429245,0.02023240551352501,11.629878044128418,0.4060148298740387,1.3158292770385742,0.6832460761070251,0.7638304233551025,0.23236821591854095,0.1559712141752243,0.08360617607831955,0.13053850829601288,0.18166930973529816,0.022748205810785294,-0.26430168747901917,-0.34017783403396606,-0.39478611946105957,-0.3629348576068878,-0.31823235750198364,0.019939042627811432,11.215157508850098,0.44600075483322144,1.0196971893310547,0.6972916722297668,0.8126026391983032,0.553600013256073,0.5127879977226257,0.3684000074863434,0.4862000048160553,0.5285999774932861,0.02289101667702198,16.81005096435547,0.45320001244544983,0.374558687210083,0.25600001215934753,0.34685999155044556,0.39660000801086426,0.021134955808520317,0.6446999907493591,0.5886586904525757,0.4641000032424927,0.5626000165939331,0.609000027179718,0.02112066186964512
test,parcel_1777666069829_t5ehp,extensif,Sfax__lat175_lng51,0.42559999227523804,0.1442638635635376,0.03920000046491623,0.12620000541210175,0.16359999775886536,0.015130133368074894,0.49824151396751404,0.22060604393482208,0.0354321114718914,0.2043306827545166,0.23708979785442352,0.014246735721826553,9.374675573781133e-05,6.696197033306817e-06,0.44440001249313354,0.23360851407051086,0.043299999088048935,0.20340000092983246,0.2632000148296356,0.02360651269555092,298677.0,0.03438549116253853,-0.11952067911624908,-0.5728015303611755,-0.14801745116710663,-0.09530854970216751,0.023510202765464783,15.658818244934082,0.34876641631126404,2.1283347606658936,0.5236023664474487,0.6165063381195068,0.5206434726715088,0.1296721249818802,-0.026615947484970093,0.10808077454566956,0.15501222014427185,0.019387785345315933,-0.021276608109474182,-0.3403782844543457,-0.5613536834716797,-0.3681055009365082,-0.3123551905155182,0.02300330065190792,19.30552101135254,0.7994029521942139,1.9286706447601318,0.5213583111763,0.6427304148674011,0.5703999996185303,0.47415533661842346,0.08889999985694885,0.42399999499320984,0.515999972820282,0.03882457688450813,2988.389892578125,0.49720001220703125,0.3660753667354584,0.05609999969601631,0.31679999828338623,0.4104999899864197,0.038111720234155655,0.6643000245094299,0.6016789674758911,0.3156000077724457,0.5609999895095825,0.6352999806404114,0.03243919461965561
test,parcel_1777666572107_7pdad,extensif,Kairouan__lat175_lng50,0.4142000079154968,0.14311963319778442,0.05779999867081642,0.125,0.16220000386238098,0.014781668782234192,0.3550049364566803,0.22058536112308502,0.058054424822330475,0.20437371730804443,0.23469462990760803,0.012535400688648224,2.079722617054358e-05,0.0,0.47839999198913574,0.23582395911216736,0.08330000191926956,0.2061000019311905,0.2648000121116638,0.023163311183452606,144250.0,-0.002542669652029872,-0.11342702060937881,-0.34574466943740845,-0.13498735427856445,-0.0940113440155983,0.018752066418528557,24.586294174194336,0.40180954337120056,3.3352103233337402,0.23703168332576752,0.3937515318393707,0.39850327372550964,0.12686608731746674,0.0018645128002390265,0.10354958474636078,0.1542292982339859,0.020234346389770508,-0.051990434527397156,-0.343002051115036,-0.5424297451972961,-0.37144461274147034,-0.3148672580718994,0.022718599066138268,23.624469757080078,0.8150960803031921,2.7104392051696777,0.2335156351327896,0.4485527276992798,0.574400007724762,0.4813196361064911,0.23749999701976776,0.4341999888420105,0.520799994468689,0.035739146173000336,1443.295166015625,0.5271999835968018,0.37383025884628296,0.11819999665021896,0.3237999975681305,0.4187999963760376,0.03786033019423485,0.67330002784729,0.6035873293876648,0.3353999853134155,0.5622000098228455,0.6384000182151794,0.03120100125670433
test,parcel_1777666591451_o64cz,extensif,Kairouan__lat175_lng50,0.30399999022483826,0.13736218214035034,0.06939999759197235,0.11659999936819077,0.156700000166893,0.0160378348082304,0.331587016582489,0.21923352777957916,0.09344212710857391,0.19986701011657715,0.24146144092082977,0.01641320437192917,0.0,0.0,0.35679998993873596,0.22272583842277527,0.10279999673366547,0.1882999986410141,0.2526000142097473,0.025278247892856598,79037.0,-0.03419644758105278,-0.11980966478586197,-0.31913691759109497,-0.1555422991514206,-0.09361580014228821,0.024382837116718292,28.00870132446289,0.3912732005119324,2.9486074447631836,0.48288142681121826,0.5673596858978271,0.31889766454696655,0.13583998382091522,0.07149320840835571,0.10640279203653336,0.17034731805324554,0.026125239208340645,-0.14065511524677277,-0.34233760833740234,-0.4651123881340027,-0.37512749433517456,-0.31056246161460876,0.02611335925757885,15.816490173339844,0.8517206311225891,2.029944658279419,0.48228126764297485,0.6084566116333008,0.5455999970436096,0.4536197781562805,0.22380000352859497,0.39959999918937683,0.5,0.039684515446424484,790.869873046875,0.45399999618530273,0.34639936685562134,0.1469999998807907,0.29159998893737793,0.3959999978542328,0.042009949684143066,0.6539000272750854,0.5760576128959656,0.4004000127315521,0.5282999873161316,0.6169000267982483,0.036230508238077164
test,parcel_1777666608727_pm8wx,extensif,Sidi_Bouzid__lat175_lng50,0.303600013256073,0.13959267735481262,0.049300000071525574,0.11919999867677689,0.16110000014305115,0.019879434257745743,0.28378379344940186,0.21388283371925354,0.06775850057601929,0.19209206104278564,0.23559749126434326,0.018585823476314545,0.001333478488959372,5.4427691793534905e-05,0.40959998965263367,0.22128000855445862,0.0820000022649765,0.18649999797344208,0.2549999952316284,0.02969997748732567,36746.0,0.011479156091809273,-0.11885084211826324,-0.2879093885421753,-0.1498963087797165,-0.09121853113174438,0.026029396802186966,34.47761154174805,0.6537991166114807,3.6147494316101074,0.2912420332431793,0.4264436662197113,0.5215310454368591,0.1381371170282364,0.050572872161865234,0.10691824555397034,0.17823535203933716,0.03256336227059364,-0.15088330209255219,-0.33727002143859863,-0.5545898675918579,-0.37307995557785034,-0.2951385974884033,0.032058022916316986,42.27184295654297,0.8131919503211975,3.381574869155884,0.28806835412979126,0.4599168598651886,0.6212000250816345,0.44568923115730286,0.22010000050067902,0.3783999979496002,0.5004000067710876,0.04950418323278427,367.6371154785156,0.5365999937057495,0.33941933512687683,0.09000000357627869,0.27250000834465027,0.39800000190734863,0.050992801785469055,0.6492999792098999,0.5643364191055298,0.29919999837875366,0.5034999847412109,0.617900013923645,0.04712968319654465
test,parcel_1777666827849_immef,intensif,Gafsa__lat173_lng43,0.21070000529289246,0.12146009504795074,0.0722000002861023,0.10090000182390213,0.1387999951839447,0.014704733155667782,0.29478198289871216,0.18312563002109528,0.051649514585733414,0.14941783249378204,0.24859733879566193,0.03746011108160019,1.6257254173979163e-05,0.0,0.28060001134872437,0.18265660107135773,0.09910000115633011,0.1420000046491623,0.21170000731945038,0.025721842423081398,61511.0,0.049641698598861694,-0.10593883693218231,-0.29377713799476624,-0.21657945215702057,-0.05362642556428909,0.061900731176137924,11.032899856567383,0.8376644253730774,1.464317798614502,0.5343804955482483,0.6822128295898438,0.3775649666786194,0.1868606060743332,0.042632751166820526,0.14109893143177032,0.22642086446285248,0.033282570540905,-0.06287715584039688,-0.3421252965927124,-0.4658146798610687,-0.38315173983573914,-0.29790419340133667,0.0325130820274353,10.263226509094238,0.9578256011009216,1.3427823781967163,0.5340937972068787,0.6977918744087219,0.5045999884605408,0.3747894763946533,0.19519999623298645,0.26499998569488525,0.4327999949455261,0.0614270344376564,615.6273803710938,0.4004000127315521,0.2555735111236572,0.12399999797344208,0.19679999351501465,0.2969000041484833,0.03685898333787918,0.5989000201225281,0.45812633633613586,0.34869998693466187,0.4099999964237213,0.49320000410079956,0.03205600008368492
